year;month;produced_material;produced_material_production_type;produced_material_release_type;produced_material_quantity;component_material;component_material_production_type;component_material_release_type;component_material_quantity;plant_id
2024;1;10000;8002;FIN;990;50000;8002;PROD;990;RLT_10
2024;1;50000;8002;PROD;859;80070;8007;PROD;879;RLT_10
2024;1;50000;8002;PROD;859;90000;;ADD;50;RLT_10
2024;1;50000;8002;PROD;859;90001;;ADD;20;RLT_10
2024;1;80070;8007;PROD;929;80010;8001;PROD;3626;RLT_10
2024;1;80070;8007;PROD;929;90002;;ADD;30;RLT_10
2024;1;80070;8007;PROD;929;90003;;ADD;11;RLT_10
2024;1;80010;8001;PROD;1726;80000;8000;PROD;1818;RLT_10
2024;1;80010;8001;PROD;1726;90004;;ADD;101;RLT_10
2024;1;80000;8000;PROD;1980;70000;;RM;2668;RLT_10
2024;1;80000;8000;PROD;1980;90005;;ADD;68;RLT_10
2024;2;10000;8002;FIN;960;50000;8002;PROD;960;RLT_10
2024;2;50000;8002;PROD;839;80070;8007;PROD;980;RLT_10
2024;2;50000;8002;PROD;839;90000;;ADD;49;RLT_10
2024;2;50000;8002;PROD;839;90001;;ADD;22;RLT_10
2024;2;80070;8007;PROD;984;80010;8001;PROD;3338;RLT_10
2024;2;80070;8007;PROD;984;90002;;ADD;33;RLT_10
2024;2;80070;8007;PROD;984;90003;;ADD;10;RLT_10
2024;2;80010;8001;PROD;1629;80000;8000;PROD;1876;RLT_10
2024;2;80010;8001;PROD;1629;90004;;ADD;104;RLT_10
2024;2;80000;8000;PROD;1829;70000;;RM;2522;RLT_10
2024;2;80000;8000;PROD;1829;90005;;ADD;73;RLT_10
2024;3;10000;8002;FIN;968;50000;8002;PROD;968;RLT_10
2024;3;50000;8002;PROD;721;80070;8007;PROD;1034;RLT_10
2024;3;50000;8002;PROD;721;90000;;ADD;46;RLT_10
2024;3;50000;8002;PROD;721;90001;;ADD;22;RLT_10
2024;3;80070;8007;PROD;989;80010;8001;PROD;3555;RLT_10
2024;3;80070;8007;PROD;989;90002;;ADD;32;RLT_10
2024;3;80070;8007;PROD;989;90003;;ADD;11;RLT_10
2024;3;80010;8001;PROD;1954;80000;8000;PROD;2192;RLT_10
2024;3;80010;8001;PROD;1954;90004;;ADD;96;RLT_10
2024;3;80000;8000;PROD;2002;70000;;RM;2724;RLT_10
2024;3;80000;8000;PROD;2002;90005;;ADD;76;RLT_10
2024;4;10000;8002;FIN;1006;50000;8002;PROD;1006;RLT_10
2024;4;50000;8002;PROD;783;80070;8007;PROD;865;RLT_10
2024;4;50000;8002;PROD;783;90000;;ADD;46;RLT_10
2024;4;50000;8002;PROD;783;90001;;ADD;19;RLT_10
2024;4;80070;8007;PROD;896;80010;8001;PROD;3541;RLT_10
2024;4;80070;8007;PROD;896;90002;;ADD;30;RLT_10
2024;4;80070;8007;PROD;896;90003;;ADD;9;RLT_10
2024;4;80010;8001;PROD;1781;80000;8000;PROD;1849;RLT_10
2024;4;80010;8001;PROD;1781;90004;;ADD;98;RLT_10
2024;4;80000;8000;PROD;1955;70000;;RM;2729;RLT_10
2024;4;80000;8000;PROD;1955;90005;;ADD;70;RLT_10
2024;5;10000;8002;FIN;1004;50000;8002;PROD;1004;RLT_10
2024;5;50000;8002;PROD;750;80070;8007;PROD;937;RLT_10
2024;5;50000;8002;PROD;750;90000;;ADD;51;RLT_10
2024;5;50000;8002;PROD;750;90001;;ADD;21;RLT_10
2024;5;80070;8007;PROD;929;80010;8001;PROD;3440;RLT_10
2024;5;80070;8007;PROD;929;90002;;ADD;29;RLT_10
2024;5;80070;8007;PROD;929;90003;;ADD;10;RLT_10
2024;5;80010;8001;PROD;1742;80000;8000;PROD;2073;RLT_10
2024;5;80010;8001;PROD;1742;90004;;ADD;109;RLT_10
2024;5;80000;8000;PROD;2077;70000;;RM;2714;RLT_10
2024;5;80000;8000;PROD;2077;90005;;ADD;63;RLT_10
2024;6;10000;8002;FIN;906;50000;8002;PROD;906;RLT_10
2024;6;50000;8002;PROD;826;80070;8007;PROD;993;RLT_10
2024;6;50000;8002;PROD;826;90000;;ADD;52;RLT_10
2024;6;50000;8002;PROD;826;90001;;ADD;20;RLT_10
2024;6;80070;8007;PROD;905;80010;8001;PROD;3576;RLT_10
2024;6;80070;8007;PROD;905;90002;;ADD;32;RLT_10
2024;6;80070;8007;PROD;905;90003;;ADD;10;RLT_10
2024;6;80010;8001;PROD;1730;80000;8000;PROD;1910;RLT_10
2024;6;80010;8001;PROD;1730;90004;;ADD;98;RLT_10
2024;6;80000;8000;PROD;1830;70000;;RM;2344;RLT_10
2024;6;80000;8000;PROD;1830;90005;;ADD;71;RLT_10
2024;7;10000;8002;FIN;983;50000;8002;PROD;983;RLT_10
2024;7;50000;8002;PROD;796;80070;8007;PROD;972;RLT_10
2024;7;50000;8002;PROD;796;90000;;ADD;49;RLT_10
2024;7;50000;8002;PROD;796;90001;;ADD;19;RLT_10
2024;7;80070;8007;PROD;900;80010;8001;PROD;3951;RLT_10
2024;7;80070;8007;PROD;900;90002;;ADD;29;RLT_10
2024;7;80070;8007;PROD;900;90003;;ADD;10;RLT_10
2024;7;80010;8001;PROD;1963;80000;8000;PROD;1974;RLT_10
2024;7;80010;8001;PROD;1963;90004;;ADD;109;RLT_10
2024;7;80000;8000;PROD;2157;70000;;RM;2451;RLT_10
2024;7;80000;8000;PROD;2157;90005;;ADD;69;RLT_10
2024;8;10000;8002;FIN;913;50000;8002;PROD;913;RLT_10
2024;8;50000;8002;PROD;832;80070;8007;PROD;876;RLT_10
2024;8;50000;8002;PROD;832;90000;;ADD;51;RLT_10
2024;8;50000;8002;PROD;832;90001;;ADD;19;RLT_10
2024;8;80070;8007;PROD;821;80010;8001;PROD;3059;RLT_10
2024;8;80070;8007;PROD;821;90002;;ADD;27;RLT_10
2024;8;80070;8007;PROD;821;90003;;ADD;10;RLT_10
2024;8;80010;8001;PROD;1625;80000;8000;PROD;2198;RLT_10
2024;8;80010;8001;PROD;1625;90004;;ADD;109;RLT_10
2024;8;80000;8000;PROD;2041;70000;;RM;2420;RLT_10
2024;8;80000;8000;PROD;2041;90005;;ADD;68;RLT_10
2024;9;10000;8002;FIN;1006;50000;8002;PROD;1006;RLT_10
2024;9;50000;8002;PROD;834;80070;8007;PROD;835;RLT_10
2024;9;50000;8002;PROD;834;90000;;ADD;48;RLT_10
2024;9;50000;8002;PROD;834;90001;;ADD;19;RLT_10
2024;9;80070;8007;PROD;870;80010;8001;PROD;3171;RLT_10
2024;9;80070;8007;PROD;870;90002;;ADD;27;RLT_10
2024;9;80070;8007;PROD;870;90003;;ADD;10;RLT_10
2024;9;80010;8001;PROD;1706;80000;8000;PROD;1740;RLT_10
2024;9;80010;8001;PROD;1706;90004;;ADD;109;RLT_10
2024;9;80000;8000;PROD;1846;70000;;RM;2182;RLT_10
2024;9;80000;8000;PROD;1846;90005;;ADD;71;RLT_10
2024;10;10000;8002;FIN;960;50000;8002;PROD;960;RLT_10
2024;10;50000;8002;PROD;810;80070;8007;PROD;933;RLT_10
2024;10;50000;8002;PROD;810;90000;;ADD;55;RLT_10
2024;10;50000;8002;PROD;810;90001;;ADD;20;RLT_10
2024;10;80070;8007;PROD;894;80010;8001;PROD;3889;RLT_10
2024;10;80070;8007;PROD;894;90002;;ADD;31;RLT_10
2024;10;80070;8007;PROD;894;90003;;ADD;11;RLT_10
2024;10;80010;8001;PROD;1803;80000;8000;PROD;1814;RLT_10
2024;10;80010;8001;PROD;1803;90004;;ADD;102;RLT_10
2024;10;80000;8000;PROD;1845;70000;;RM;2545;RLT_10
2024;10;80000;8000;PROD;1845;90005;;ADD;70;RLT_10
2024;11;10000;8002;FIN;955;50000;8002;PROD;955;RLT_10
2024;11;50000;8002;PROD;733;80070;8007;PROD;992;RLT_10
2024;11;50000;8002;PROD;733;90000;;ADD;48;RLT_10
2024;11;50000;8002;PROD;733;90001;;ADD;21;RLT_10
2024;11;80070;8007;PROD;924;80010;8001;PROD;3179;RLT_10
2024;11;80070;8007;PROD;924;90002;;ADD;28;RLT_10
2024;11;80070;8007;PROD;924;90003;;ADD;10;RLT_10
2024;11;80010;8001;PROD;1705;80000;8000;PROD;2232;RLT_10
2024;11;80010;8001;PROD;1705;90004;;ADD;109;RLT_10
2024;11;80000;8000;PROD;2109;70000;;RM;2643;RLT_10
2024;11;80000;8000;PROD;2109;90005;;ADD;66;RLT_10
2024;12;10000;8002;FIN;1057;50000;8002;PROD;1057;RLT_10
2024;12;50000;8002;PROD;755;80070;8007;PROD;1007;RLT_10
2024;12;50000;8002;PROD;755;90000;;ADD;53;RLT_10
2024;12;50000;8002;PROD;755;90001;;ADD;20;RLT_10
2024;12;80070;8007;PROD;987;80010;8001;PROD;3444;RLT_10
2024;12;80070;8007;PROD;987;90002;;ADD;27;RLT_10
2024;12;80070;8007;PROD;987;90003;;ADD;9;RLT_10
2024;12;80010;8001;PROD;1649;80000;8000;PROD;1684;RLT_10
2024;12;80010;8001;PROD;1649;90004;;ADD;98;RLT_10
2024;12;80000;8000;PROD;1807;70000;;RM;2556;RLT_10
2024;12;80000;8000;PROD;1807;90005;;ADD;64;RLT_10
2024;1;10001;8002;FIN;975;50001;8002;PROD;975;RLT_10
2024;1;50001;8002;PROD;739;80071;8007;PROD;808;RLT_10
2024;1;50001;8002;PROD;739;90005;;ADD;49;RLT_10
2024;1;50001;8002;PROD;739;90006;;ADD;21;RLT_10
2024;1;80071;8007;PROD;897;80011;8001;PROD;3541;RLT_10
2024;1;80071;8007;PROD;897;90007;;ADD;29;RLT_10
2024;1;80071;8007;PROD;897;90008;;ADD;11;RLT_10
2024;1;80011;8001;PROD;1670;80001;8000;PROD;1909;RLT_10
2024;1;80011;8001;PROD;1670;90009;;ADD;96;RLT_10
2024;1;80001;8000;PROD;1904;70001;;RM;2803;RLT_10
2024;1;80001;8000;PROD;1904;90010;;ADD;72;RLT_10
2024;2;10001;8002;FIN;1050;50001;8002;PROD;1050;RLT_10
2024;2;50001;8002;PROD;811;80071;8007;PROD;879;RLT_10
2024;2;50001;8002;PROD;811;90005;;ADD;48;RLT_10
2024;2;50001;8002;PROD;811;90006;;ADD;20;RLT_10
2024;2;80071;8007;PROD;875;80011;8001;PROD;3021;RLT_10
2024;2;80071;8007;PROD;875;90007;;ADD;29;RLT_10
2024;2;80071;8007;PROD;875;90008;;ADD;11;RLT_10
2024;2;80011;8001;PROD;1635;80001;8000;PROD;2130;RLT_10
2024;2;80011;8001;PROD;1635;90009;;ADD;107;RLT_10
2024;2;80001;8000;PROD;2144;70001;;RM;2538;RLT_10
2024;2;80001;8000;PROD;2144;90010;;ADD;73;RLT_10
2024;3;10001;8002;FIN;955;50001;8002;PROD;955;RLT_10
2024;3;50001;8002;PROD;795;80071;8007;PROD;818;RLT_10
2024;3;50001;8002;PROD;795;90005;;ADD;46;RLT_10
2024;3;50001;8002;PROD;795;90006;;ADD;20;RLT_10
2024;3;80071;8007;PROD;894;80011;8001;PROD;3359;RLT_10
2024;3;80071;8007;PROD;894;90007;;ADD;33;RLT_10
2024;3;80071;8007;PROD;894;90008;;ADD;9;RLT_10
2024;3;80011;8001;PROD;1708;80001;8000;PROD;2035;RLT_10
2024;3;80011;8001;PROD;1708;90009;;ADD;91;RLT_10
2024;3;80001;8000;PROD;1854;70001;;RM;2677;RLT_10
2024;3;80001;8000;PROD;1854;90010;;ADD;68;RLT_10
2024;4;10001;8002;FIN;1070;50001;8002;PROD;1070;RLT_10
2024;4;50001;8002;PROD;805;80071;8007;PROD;927;RLT_10
2024;4;50001;8002;PROD;805;90005;;ADD;53;RLT_10
2024;4;50001;8002;PROD;805;90006;;ADD;20;RLT_10
2024;4;80071;8007;PROD;848;80011;8001;PROD;3447;RLT_10
2024;4;80071;8007;PROD;848;90007;;ADD;30;RLT_10
2024;4;80071;8007;PROD;848;90008;;ADD;10;RLT_10
2024;4;80011;8001;PROD;1862;80001;8000;PROD;2031;RLT_10
2024;4;80011;8001;PROD;1862;90009;;ADD;110;RLT_10
2024;4;80001;8000;PROD;2075;70001;;RM;2616;RLT_10
2024;4;80001;8000;PROD;2075;90010;;ADD;65;RLT_10
2024;5;10001;8002;FIN;954;50001;8002;PROD;954;RLT_10
2024;5;50001;8002;PROD;757;80071;8007;PROD;881;RLT_10
2024;5;50001;8002;PROD;757;90005;;ADD;50;RLT_10
2024;5;50001;8002;PROD;757;90006;;ADD;19;RLT_10
2024;5;80071;8007;PROD;857;80011;8001;PROD;3270;RLT_10
2024;5;80071;8007;PROD;857;90007;;ADD;32;RLT_10
2024;5;80071;8007;PROD;857;90008;;ADD;11;RLT_10
2024;5;80011;8001;PROD;1630;80001;8000;PROD;2105;RLT_10
2024;5;80011;8001;PROD;1630;90009;;ADD;109;RLT_10
2024;5;80001;8000;PROD;2166;70001;;RM;2638;RLT_10
2024;5;80001;8000;PROD;2166;90010;;ADD;74;RLT_10
2024;6;10001;8002;FIN;901;50001;8002;PROD;901;RLT_10
2024;6;50001;8002;PROD;764;80071;8007;PROD;984;RLT_10
2024;6;50001;8002;PROD;764;90005;;ADD;45;RLT_10
2024;6;50001;8002;PROD;764;90006;;ADD;20;RLT_10
2024;6;80071;8007;PROD;988;80011;8001;PROD;3803;RLT_10
2024;6;80071;8007;PROD;988;90007;;ADD;32;RLT_10
2024;6;80071;8007;PROD;988;90008;;ADD;11;RLT_10
2024;6;80011;8001;PROD;1772;80001;8000;PROD;2364;RLT_10
2024;6;80011;8001;PROD;1772;90009;;ADD;98;RLT_10
2024;6;80001;8000;PROD;2185;70001;;RM;2117;RLT_10
2024;6;80001;8000;PROD;2185;90010;;ADD;68;RLT_10
2024;7;10001;8002;FIN;1054;50001;8002;PROD;1054;RLT_10
2024;7;50001;8002;PROD;764;80071;8007;PROD;803;RLT_10
2024;7;50001;8002;PROD;764;90005;;ADD;49;RLT_10
2024;7;50001;8002;PROD;764;90006;;ADD;20;RLT_10
2024;7;80071;8007;PROD;870;80011;8001;PROD;3842;RLT_10
2024;7;80071;8007;PROD;870;90007;;ADD;32;RLT_10
2024;7;80071;8007;PROD;870;90008;;ADD;10;RLT_10
2024;7;80011;8001;PROD;1773;80001;8000;PROD;2033;RLT_10
2024;7;80011;8001;PROD;1773;90009;;ADD;94;RLT_10
2024;7;80001;8000;PROD;1944;70001;;RM;2641;RLT_10
2024;7;80001;8000;PROD;1944;90010;;ADD;75;RLT_10
2024;8;10001;8002;FIN;1044;50001;8002;PROD;1044;RLT_10
2024;8;50001;8002;PROD;747;80071;8007;PROD;942;RLT_10
2024;8;50001;8002;PROD;747;90005;;ADD;47;RLT_10
2024;8;50001;8002;PROD;747;90006;;ADD;19;RLT_10
2024;8;80071;8007;PROD;977;80011;8001;PROD;3835;RLT_10
2024;8;80071;8007;PROD;977;90007;;ADD;29;RLT_10
2024;8;80071;8007;PROD;977;90008;;ADD;10;RLT_10
2024;8;80011;8001;PROD;1922;80001;8000;PROD;1928;RLT_10
2024;8;80011;8001;PROD;1922;90009;;ADD;99;RLT_10
2024;8;80001;8000;PROD;1931;70001;;RM;2797;RLT_10
2024;8;80001;8000;PROD;1931;90010;;ADD;68;RLT_10
2024;9;10001;8002;FIN;941;50001;8002;PROD;941;RLT_10
2024;9;50001;8002;PROD;861;80071;8007;PROD;1018;RLT_10
2024;9;50001;8002;PROD;861;90005;;ADD;47;RLT_10
2024;9;50001;8002;PROD;861;90006;;ADD;21;RLT_10
2024;9;80071;8007;PROD;958;80011;8001;PROD;3219;RLT_10
2024;9;80071;8007;PROD;958;90007;;ADD;32;RLT_10
2024;9;80071;8007;PROD;958;90008;;ADD;10;RLT_10
2024;9;80011;8001;PROD;1707;80001;8000;PROD;2108;RLT_10
2024;9;80011;8001;PROD;1707;90009;;ADD;101;RLT_10
2024;9;80001;8000;PROD;1950;70001;;RM;2429;RLT_10
2024;9;80001;8000;PROD;1950;90010;;ADD;66;RLT_10
2024;10;10001;8002;FIN;1049;50001;8002;PROD;1049;RLT_10
2024;10;50001;8002;PROD;810;80071;8007;PROD;876;RLT_10
2024;10;50001;8002;PROD;810;90005;;ADD;51;RLT_10
2024;10;50001;8002;PROD;810;90006;;ADD;19;RLT_10
2024;10;80071;8007;PROD;811;80011;8001;PROD;3890;RLT_10
2024;10;80071;8007;PROD;811;90007;;ADD;30;RLT_10
2024;10;80071;8007;PROD;811;90008;;ADD;10;RLT_10
2024;10;80011;8001;PROD;1895;80001;8000;PROD;2103;RLT_10
2024;10;80011;8001;PROD;1895;90009;;ADD;107;RLT_10
2024;10;80001;8000;PROD;2045;70001;;RM;2287;RLT_10
2024;10;80001;8000;PROD;2045;90010;;ADD;67;RLT_10
2024;11;10001;8002;FIN;949;50001;8002;PROD;949;RLT_10
2024;11;50001;8002;PROD;840;80071;8007;PROD;966;RLT_10
2024;11;50001;8002;PROD;840;90005;;ADD;49;RLT_10
2024;11;50001;8002;PROD;840;90006;;ADD;20;RLT_10
2024;11;80071;8007;PROD;927;80011;8001;PROD;3601;RLT_10
2024;11;80071;8007;PROD;927;90007;;ADD;30;RLT_10
2024;11;80071;8007;PROD;927;90008;;ADD;10;RLT_10
2024;11;80011;8001;PROD;1946;80001;8000;PROD;1938;RLT_10
2024;11;80011;8001;PROD;1946;90009;;ADD;100;RLT_10
2024;11;80001;8000;PROD;1859;70001;;RM;2558;RLT_10
2024;11;80001;8000;PROD;1859;90010;;ADD;69;RLT_10
2024;12;10001;8002;FIN;1081;50001;8002;PROD;1081;RLT_10
2024;12;50001;8002;PROD;794;80071;8007;PROD;857;RLT_10
2024;12;50001;8002;PROD;794;90005;;ADD;51;RLT_10
2024;12;50001;8002;PROD;794;90006;;ADD;21;RLT_10
2024;12;80071;8007;PROD;849;80011;8001;PROD;3822;RLT_10
2024;12;80071;8007;PROD;849;90007;;ADD;27;RLT_10
2024;12;80071;8007;PROD;849;90008;;ADD;9;RLT_10
2024;12;80011;8001;PROD;1780;80001;8000;PROD;2046;RLT_10
2024;12;80011;8001;PROD;1780;90009;;ADD;102;RLT_10
2024;12;80001;8000;PROD;2181;70001;;RM;2523;RLT_10
2024;12;80001;8000;PROD;2181;90010;;ADD;65;RLT_10
2024;1;10002;8002;FIN;1032;50002;8002;PROD;1032;RLT_14
2024;1;50002;8002;PROD;790;80072;8007;PROD;928;RLT_14
2024;1;50002;8002;PROD;790;90010;;ADD;52;RLT_14
2024;1;50002;8002;PROD;790;90011;;ADD;18;RLT_14
2024;1;80072;8007;PROD;868;80012;8001;PROD;3471;RLT_14
2024;1;80072;8007;PROD;868;90012;;ADD;32;RLT_14
2024;1;80072;8007;PROD;868;90013;;ADD;9;RLT_14
2024;1;80012;8001;PROD;1825;80002;8000;PROD;2301;RLT_14
2024;1;80012;8001;PROD;1825;90014;;ADD;92;RLT_14
2024;1;80002;8000;PROD;2136;70002;;RM;2860;RLT_14
2024;1;80002;8000;PROD;2136;90015;;ADD;70;RLT_14
2024;2;10002;8002;FIN;1084;50002;8002;PROD;1084;RLT_14
2024;2;50002;8002;PROD;873;80072;8007;PROD;873;RLT_14
2024;2;50002;8002;PROD;873;90010;;ADD;52;RLT_14
2024;2;50002;8002;PROD;873;90011;;ADD;20;RLT_14
2024;2;80072;8007;PROD;815;80012;8001;PROD;3812;RLT_14
2024;2;80072;8007;PROD;815;90012;;ADD;29;RLT_14
2024;2;80072;8007;PROD;815;90013;;ADD;11;RLT_14
2024;2;80012;8001;PROD;1820;80002;8000;PROD;1828;RLT_14
2024;2;80012;8001;PROD;1820;90014;;ADD;99;RLT_14
2024;2;80002;8000;PROD;1825;70002;;RM;2175;RLT_14
2024;2;80002;8000;PROD;1825;90015;;ADD;74;RLT_14
2024;3;10002;8002;FIN;1005;50002;8002;PROD;1005;RLT_14
2024;3;50002;8002;PROD;864;80072;8007;PROD;865;RLT_14
2024;3;50002;8002;PROD;864;90010;;ADD;49;RLT_14
2024;3;50002;8002;PROD;864;90011;;ADD;20;RLT_14
2024;3;80072;8007;PROD;896;80012;8001;PROD;3058;RLT_14
2024;3;80072;8007;PROD;896;90012;;ADD;28;RLT_14
2024;3;80072;8007;PROD;896;90013;;ADD;10;RLT_14
2024;3;80012;8001;PROD;1647;80002;8000;PROD;1826;RLT_14
2024;3;80012;8001;PROD;1647;90014;;ADD;101;RLT_14
2024;3;80002;8000;PROD;1945;70002;;RM;2467;RLT_14
2024;3;80002;8000;PROD;1945;90015;;ADD;67;RLT_14
2024;4;10002;8002;FIN;984;50002;8002;PROD;984;RLT_14
2024;4;50002;8002;PROD;774;80072;8007;PROD;917;RLT_14
2024;4;50002;8002;PROD;774;90010;;ADD;46;RLT_14
2024;4;50002;8002;PROD;774;90011;;ADD;19;RLT_14
2024;4;80072;8007;PROD;859;80012;8001;PROD;3313;RLT_14
2024;4;80072;8007;PROD;859;90012;;ADD;30;RLT_14
2024;4;80072;8007;PROD;859;90013;;ADD;9;RLT_14
2024;4;80012;8001;PROD;1755;80002;8000;PROD;2106;RLT_14
2024;4;80012;8001;PROD;1755;90014;;ADD;107;RLT_14
2024;4;80002;8000;PROD;2023;70002;;RM;2525;RLT_14
2024;4;80002;8000;PROD;2023;90015;;ADD;76;RLT_14
2024;5;10002;8002;FIN;1005;50002;8002;PROD;1005;RLT_14
2024;5;50002;8002;PROD;851;80072;8007;PROD;970;RLT_14
2024;5;50002;8002;PROD;851;90010;;ADD;52;RLT_14
2024;5;50002;8002;PROD;851;90011;;ADD;19;RLT_14
2024;5;80072;8007;PROD;924;80012;8001;PROD;3064;RLT_14
2024;5;80072;8007;PROD;924;90012;;ADD;33;RLT_14
2024;5;80072;8007;PROD;924;90013;;ADD;11;RLT_14
2024;5;80012;8001;PROD;1665;80002;8000;PROD;2127;RLT_14
2024;5;80012;8001;PROD;1665;90014;;ADD;104;RLT_14
2024;5;80002;8000;PROD;2063;70002;;RM;2372;RLT_14
2024;5;80002;8000;PROD;2063;90015;;ADD;73;RLT_14
2024;6;10002;8002;FIN;935;50002;8002;PROD;935;RLT_14
2024;6;50002;8002;PROD;758;80072;8007;PROD;1059;RLT_14
2024;6;50002;8002;PROD;758;90010;;ADD;54;RLT_14
2024;6;50002;8002;PROD;758;90011;;ADD;20;RLT_14
2024;6;80072;8007;PROD;969;80012;8001;PROD;4276;RLT_14
2024;6;80072;8007;PROD;969;90012;;ADD;28;RLT_14
2024;6;80072;8007;PROD;969;90013;;ADD;10;RLT_14
2024;6;80012;8001;PROD;1979;80002;8000;PROD;1944;RLT_14
2024;6;80012;8001;PROD;1979;90014;;ADD;109;RLT_14
2024;6;80002;8000;PROD;1911;70002;;RM;2787;RLT_14
2024;6;80002;8000;PROD;1911;90015;;ADD;72;RLT_14
2024;7;10002;8002;FIN;973;50002;8002;PROD;973;RLT_14
2024;7;50002;8002;PROD;798;80072;8007;PROD;867;RLT_14
2024;7;50002;8002;PROD;798;90010;;ADD;51;RLT_14
2024;7;50002;8002;PROD;798;90011;;ADD;20;RLT_14
2024;7;80072;8007;PROD;855;80012;8001;PROD;3921;RLT_14
2024;7;80072;8007;PROD;855;90012;;ADD;29;RLT_14
2024;7;80072;8007;PROD;855;90013;;ADD;9;RLT_14
2024;7;80012;8001;PROD;1964;80002;8000;PROD;1943;RLT_14
2024;7;80012;8001;PROD;1964;90014;;ADD;94;RLT_14
2024;7;80002;8000;PROD;1865;70002;;RM;2936;RLT_14
2024;7;80002;8000;PROD;1865;90015;;ADD;73;RLT_14
2024;8;10002;8002;FIN;1034;50002;8002;PROD;1034;RLT_14
2024;8;50002;8002;PROD;844;80072;8007;PROD;868;RLT_14
2024;8;50002;8002;PROD;844;90010;;ADD;46;RLT_14
2024;8;50002;8002;PROD;844;90011;;ADD;22;RLT_14
2024;8;80072;8007;PROD;830;80012;8001;PROD;3186;RLT_14
2024;8;80072;8007;PROD;830;90012;;ADD;29;RLT_14
2024;8;80072;8007;PROD;830;90013;;ADD;10;RLT_14
2024;8;80012;8001;PROD;1725;80002;8000;PROD;1904;RLT_14
2024;8;80012;8001;PROD;1725;90014;;ADD;100;RLT_14
2024;8;80002;8000;PROD;1941;70002;;RM;2655;RLT_14
2024;8;80002;8000;PROD;1941;90015;;ADD;64;RLT_14
2024;9;10002;8002;FIN;1040;50002;8002;PROD;1040;RLT_14
2024;9;50002;8002;PROD;720;80072;8007;PROD;982;RLT_14
2024;9;50002;8002;PROD;720;90010;;ADD;52;RLT_14
2024;9;50002;8002;PROD;720;90011;;ADD;21;RLT_14
2024;9;80072;8007;PROD;977;80012;8001;PROD;3226;RLT_14
2024;9;80072;8007;PROD;977;90012;;ADD;29;RLT_14
2024;9;80072;8007;PROD;977;90013;;ADD;9;RLT_14
2024;9;80012;8001;PROD;1679;80002;8000;PROD;1910;RLT_14
2024;9;80012;8001;PROD;1679;90014;;ADD;91;RLT_14
2024;9;80002;8000;PROD;1924;70002;;RM;2434;RLT_14
2024;9;80002;8000;PROD;1924;90015;;ADD;71;RLT_14
2024;10;10002;8002;FIN;949;50002;8002;PROD;949;RLT_14
2024;10;50002;8002;PROD;745;80072;8007;PROD;820;RLT_14
2024;10;50002;8002;PROD;745;90010;;ADD;48;RLT_14
2024;10;50002;8002;PROD;745;90011;;ADD;22;RLT_14
2024;10;80072;8007;PROD;895;80012;8001;PROD;3258;RLT_14
2024;10;80072;8007;PROD;895;90012;;ADD;27;RLT_14
2024;10;80072;8007;PROD;895;90013;;ADD;11;RLT_14
2024;10;80012;8001;PROD;1686;80002;8000;PROD;1847;RLT_14
2024;10;80012;8001;PROD;1686;90014;;ADD;103;RLT_14
2024;10;80002;8000;PROD;1972;70002;;RM;2550;RLT_14
2024;10;80002;8000;PROD;1972;90015;;ADD;64;RLT_14
2024;11;10002;8002;FIN;1069;50002;8002;PROD;1069;RLT_14
2024;11;50002;8002;PROD;766;80072;8007;PROD;880;RLT_14
2024;11;50002;8002;PROD;766;90010;;ADD;49;RLT_14
2024;11;50002;8002;PROD;766;90011;;ADD;22;RLT_14
2024;11;80072;8007;PROD;816;80012;8001;PROD;3251;RLT_14
2024;11;80072;8007;PROD;816;90012;;ADD;32;RLT_14
2024;11;80072;8007;PROD;816;90013;;ADD;11;RLT_14
2024;11;80012;8001;PROD;1709;80002;8000;PROD;1871;RLT_14
2024;11;80012;8001;PROD;1709;90014;;ADD;100;RLT_14
2024;11;80002;8000;PROD;1887;70002;;RM;2766;RLT_14
2024;11;80002;8000;PROD;1887;90015;;ADD;76;RLT_14
2024;12;10002;8002;FIN;957;50002;8002;PROD;957;RLT_14
2024;12;50002;8002;PROD;820;80072;8007;PROD;998;RLT_14
2024;12;50002;8002;PROD;820;90010;;ADD;52;RLT_14
2024;12;50002;8002;PROD;820;90011;;ADD;19;RLT_14
2024;12;80072;8007;PROD;972;80012;8001;PROD;3635;RLT_14
2024;12;80072;8007;PROD;972;90012;;ADD;29;RLT_14
2024;12;80072;8007;PROD;972;90013;;ADD;10;RLT_14
2024;12;80012;8001;PROD;1956;80002;8000;PROD;1909;RLT_14
2024;12;80012;8001;PROD;1956;90014;;ADD;98;RLT_14
2024;12;80002;8000;PROD;1905;70002;;RM;2521;RLT_14
2024;12;80002;8000;PROD;1905;90015;;ADD;63;RLT_14
2024;1;10003;8002;FIN;1030;50003;8002;PROD;1030;RLT_14
2024;1;50003;8002;PROD;819;80073;8007;PROD;976;RLT_14
2024;1;50003;8002;PROD;819;90015;;ADD;54;RLT_14
2024;1;50003;8002;PROD;819;90016;;ADD;21;RLT_14
2024;1;80073;8007;PROD;963;80013;8001;PROD;3475;RLT_14
2024;1;80073;8007;PROD;963;90017;;ADD;28;RLT_14
2024;1;80073;8007;PROD;963;90018;;ADD;10;RLT_14
2024;1;80013;8001;PROD;1897;80003;8000;PROD;1688;RLT_14
2024;1;80013;8001;PROD;1897;90019;;ADD;97;RLT_14
2024;1;80003;8000;PROD;1803;70003;;RM;2522;RLT_14
2024;1;80003;8000;PROD;1803;90020;;ADD;66;RLT_14
2024;2;10003;8002;FIN;951;50003;8002;PROD;951;RLT_14
2024;2;50003;8002;PROD;768;80073;8007;PROD;783;RLT_14
2024;2;50003;8002;PROD;768;90015;;ADD;51;RLT_14
2024;2;50003;8002;PROD;768;90016;;ADD;22;RLT_14
2024;2;80073;8007;PROD;860;80013;8001;PROD;4022;RLT_14
2024;2;80073;8007;PROD;860;90017;;ADD;32;RLT_14
2024;2;80073;8007;PROD;860;90018;;ADD;10;RLT_14
2024;2;80013;8001;PROD;1926;80003;8000;PROD;1985;RLT_14
2024;2;80013;8001;PROD;1926;90019;;ADD;106;RLT_14
2024;2;80003;8000;PROD;1868;70003;;RM;2561;RLT_14
2024;2;80003;8000;PROD;1868;90020;;ADD;70;RLT_14
2024;3;10003;8002;FIN;1089;50003;8002;PROD;1089;RLT_14
2024;3;50003;8002;PROD;844;80073;8007;PROD;941;RLT_14
2024;3;50003;8002;PROD;844;90015;;ADD;55;RLT_14
2024;3;50003;8002;PROD;844;90016;;ADD;22;RLT_14
2024;3;80073;8007;PROD;905;80013;8001;PROD;3641;RLT_14
2024;3;80073;8007;PROD;905;90017;;ADD;32;RLT_14
2024;3;80073;8007;PROD;905;90018;;ADD;10;RLT_14
2024;3;80013;8001;PROD;1820;80003;8000;PROD;1885;RLT_14
2024;3;80013;8001;PROD;1820;90019;;ADD;108;RLT_14
2024;3;80003;8000;PROD;1923;70003;;RM;2328;RLT_14
2024;3;80003;8000;PROD;1923;90020;;ADD;68;RLT_14
2024;4;10003;8002;FIN;1047;50003;8002;PROD;1047;RLT_14
2024;4;50003;8002;PROD;780;80073;8007;PROD;878;RLT_14
2024;4;50003;8002;PROD;780;90015;;ADD;51;RLT_14
2024;4;50003;8002;PROD;780;90016;;ADD;22;RLT_14
2024;4;80073;8007;PROD;842;80013;8001;PROD;3353;RLT_14
2024;4;80073;8007;PROD;842;90017;;ADD;30;RLT_14
2024;4;80073;8007;PROD;842;90018;;ADD;10;RLT_14
2024;4;80013;8001;PROD;1749;80003;8000;PROD;1940;RLT_14
2024;4;80013;8001;PROD;1749;90019;;ADD;102;RLT_14
2024;4;80003;8000;PROD;2049;70003;;RM;2644;RLT_14
2024;4;80003;8000;PROD;2049;90020;;ADD;76;RLT_14
2024;5;10003;8002;FIN;1006;50003;8002;PROD;1006;RLT_14
2024;5;50003;8002;PROD;830;80073;8007;PROD;883;RLT_14
2024;5;50003;8002;PROD;830;90015;;ADD;47;RLT_14
2024;5;50003;8002;PROD;830;90016;;ADD;19;RLT_14
2024;5;80073;8007;PROD;964;80013;8001;PROD;3545;RLT_14
2024;5;80073;8007;PROD;964;90017;;ADD;32;RLT_14
2024;5;80073;8007;PROD;964;90018;;ADD;9;RLT_14
2024;5;80013;8001;PROD;1667;80003;8000;PROD;2058;RLT_14
2024;5;80013;8001;PROD;1667;90019;;ADD;107;RLT_14
2024;5;80003;8000;PROD;2142;70003;;RM;2926;RLT_14
2024;5;80003;8000;PROD;2142;90020;;ADD;64;RLT_14
2024;6;10003;8002;FIN;922;50003;8002;PROD;922;RLT_14
2024;6;50003;8002;PROD;746;80073;8007;PROD;856;RLT_14
2024;6;50003;8002;PROD;746;90015;;ADD;49;RLT_14
2024;6;50003;8002;PROD;746;90016;;ADD;21;RLT_14
2024;6;80073;8007;PROD;880;80013;8001;PROD;3451;RLT_14
2024;6;80073;8007;PROD;880;90017;;ADD;29;RLT_14
2024;6;80073;8007;PROD;880;90018;;ADD;10;RLT_14
2024;6;80013;8001;PROD;1783;80003;8000;PROD;1895;RLT_14
2024;6;80013;8001;PROD;1783;90019;;ADD;90;RLT_14
2024;6;80003;8000;PROD;1852;70003;;RM;2384;RLT_14
2024;6;80003;8000;PROD;1852;90020;;ADD;71;RLT_14
2024;7;10003;8002;FIN;1037;50003;8002;PROD;1037;RLT_14
2024;7;50003;8002;PROD;859;80073;8007;PROD;856;RLT_14
2024;7;50003;8002;PROD;859;90015;;ADD;47;RLT_14
2024;7;50003;8002;PROD;859;90016;;ADD;20;RLT_14
2024;7;80073;8007;PROD;814;80013;8001;PROD;3696;RLT_14
2024;7;80073;8007;PROD;814;90017;;ADD;33;RLT_14
2024;7;80073;8007;PROD;814;90018;;ADD;11;RLT_14
2024;7;80013;8001;PROD;1821;80003;8000;PROD;1884;RLT_14
2024;7;80013;8001;PROD;1821;90019;;ADD;96;RLT_14
2024;7;80003;8000;PROD;2083;70003;;RM;2153;RLT_14
2024;7;80003;8000;PROD;2083;90020;;ADD;66;RLT_14
2024;8;10003;8002;FIN;994;50003;8002;PROD;994;RLT_14
2024;8;50003;8002;PROD;751;80073;8007;PROD;953;RLT_14
2024;8;50003;8002;PROD;751;90015;;ADD;55;RLT_14
2024;8;50003;8002;PROD;751;90016;;ADD;21;RLT_14
2024;8;80073;8007;PROD;986;80013;8001;PROD;3886;RLT_14
2024;8;80073;8007;PROD;986;90017;;ADD;31;RLT_14
2024;8;80073;8007;PROD;986;90018;;ADD;10;RLT_14
2024;8;80013;8001;PROD;1828;80003;8000;PROD;2323;RLT_14
2024;8;80013;8001;PROD;1828;90019;;ADD;107;RLT_14
2024;8;80003;8000;PROD;2041;70003;;RM;2420;RLT_14
2024;8;80003;8000;PROD;2041;90020;;ADD;68;RLT_14
2024;9;10003;8002;FIN;1040;50003;8002;PROD;1040;RLT_14
2024;9;50003;8002;PROD;720;80073;8007;PROD;982;RLT_14
2024;9;50003;8002;PROD;720;90015;;ADD;52;RLT_14
2024;9;50003;8002;PROD;720;90016;;ADD;21;RLT_14
2024;9;80073;8007;PROD;977;80013;8001;PROD;3226;RLT_14
2024;9;80073;8007;PROD;977;90017;;ADD;29;RLT_14
2024;9;80073;8007;PROD;977;90018;;ADD;9;RLT_14
2024;9;80013;8001;PROD;1679;80003;8000;PROD;1910;RLT_14
2024;9;80013;8001;PROD;1679;90019;;ADD;91;RLT_14
2024;9;80003;8000;PROD;1924;70003;;RM;2434;RLT_14
2024;9;80003;8000;PROD;1924;90020;;ADD;71;RLT_14
2024;10;10003;8002;FIN;949;50003;8002;PROD;949;RLT_14
2024;10;50003;8002;PROD;745;80073;8007;PROD;820;RLT_14
2024;10;50003;8002;PROD;745;90015;;ADD;48;RLT_14
2024;10;50003;8002;PROD;745;90016;;ADD;22;RLT_14
2024;10;80073;8007;PROD;895;80013;8001;PROD;3258;RLT_14
2024;10;80073;8007;PROD;895;90017;;ADD;27;RLT_14
2024;10;80073;8007;PROD;895;90018;;ADD;11;RLT_14
2024;10;80013;8001;PROD;1686;80003;8000;PROD;1847;RLT_14
2024;10;80013;8001;PROD;1686;90019;;ADD;103;RLT_14
2024;10;80003;8000;PROD;1972;70003;;RM;2550;RLT_14
2024;10;80003;8000;PROD;1972;90020;;ADD;64;RLT_14
2024;11;10003;8002;FIN;1069;50003;8002;PROD;1069;RLT_14
2024;11;50003;8002;PROD;766;80073;8007;PROD;880;RLT_14
2024;11;50003;8002;PROD;766;90015;;ADD;49;RLT_14
2024;11;50003;8002;PROD;766;90016;;ADD;22;RLT_14
2024;11;80073;8007;PROD;816;80013;8001;PROD;3251;RLT_14
2024;11;80073;8007;PROD;816;90017;;ADD;32;RLT_14
2024;11;80073;8007;PROD;816;90018;;ADD;11;RLT_14
2024;11;80013;8001;PROD;1709;80003;8000;PROD;1871;RLT_14
2024;11;80013;8001;PROD;1709;90019;;ADD;100;RLT_14
2024;11;80003;8000;PROD;1887;70003;;RM;2766;RLT_14
2024;11;80003;8000;PROD;1887;90020;;ADD;76;RLT_14
2024;12;10003;8002;FIN;957;50003;8002;PROD;957;RLT_14
2024;12;50003;8002;PROD;820;80073;8007;PROD;998;RLT_14
2024;12;50003;8002;PROD;820;90015;;ADD;52;RLT_14
2024;12;50003;8002;PROD;820;90016;;ADD;19;RLT_14
2024;12;80073;8007;PROD;972;80013;8001;PROD;3635;RLT_14
2024;12;80073;8007;PROD;972;90017;;ADD;29;RLT_14
2024;12;80073;8007;PROD;972;90018;;ADD;10;RLT_14
2024;12;80013;8001;PROD;1956;80003;8000;PROD;1909;RLT_14
2024;12;80013;8001;PROD;1956;90019;;ADD;98;RLT_14
2024;12;80003;8000;PROD;1905;70003;;RM;2521;RLT_14
2024;12;80003;8000;PROD;1905;90020;;ADD;63;RLT_14
2024;1;10004;8002;FIN;1030;50004;8002;PROD;1030;RLT_14
2024;1;50004;8002;PROD;819;80074;8007;PROD;976;RLT_14
2024;1;50004;8002;PROD;819;90020;;ADD;54;RLT_14
2024;1;50004;8002;PROD;819;90021;;ADD;21;RLT_14
2024;1;80074;8007;PROD;963;80014;8001;PROD;3475;RLT_14
2024;1;80074;8007;PROD;963;90022;;ADD;28;RLT_14
2024;1;80074;8007;PROD;963;90023;;ADD;10;RLT_14
2024;1;80014;8001;PROD;1897;80004;8000;PROD;1688;RLT_14
2024;1;80014;8001;PROD;1897;90024;;ADD;97;RLT_14
2024;1;80004;8000;PROD;1803;70004;;RM;2522;RLT_14
2024;1;80004;8000;PROD;1803;90025;;ADD;66;RLT_14
2024;2;10004;8002;FIN;951;50004;8002;PROD;951;RLT_14
2024;2;50004;8002;PROD;768;80074;8007;PROD;783;RLT_14
2024;2;50004;8002;PROD;768;90020;;ADD;51;RLT_14
2024;2;50004;8002;PROD;768;90021;;ADD;22;RLT_14
2024;2;80074;8007;PROD;860;80014;8001;PROD;4022;RLT_14
2024;2;80074;8007;PROD;860;90022;;ADD;32;RLT_14
2024;2;80074;8007;PROD;860;90023;;ADD;10;RLT_14
2024;2;80014;8001;PROD;1926;80004;8000;PROD;1985;RLT_14
2024;2;80014;8001;PROD;1926;90024;;ADD;106;RLT_14
2024;2;80004;8000;PROD;1868;70004;;RM;2561;RLT_14
2024;2;80004;8000;PROD;1868;90025;;ADD;70;RLT_14
2024;3;10004;8002;FIN;1089;50004;8002;PROD;1089;RLT_14
2024;3;50004;8002;PROD;844;80074;8007;PROD;941;RLT_14
2024;3;50004;8002;PROD;844;90020;;ADD;55;RLT_14
2024;3;50004;8002;PROD;844;90021;;ADD;22;RLT_14
2024;3;80074;8007;PROD;905;80014;8001;PROD;3641;RLT_14
2024;3;80074;8007;PROD;905;90022;;ADD;32;RLT_14
2024;3;80074;8007;PROD;905;90023;;ADD;10;RLT_14
2024;3;80014;8001;PROD;1820;80004;8000;PROD;1885;RLT_14
2024;3;80014;8001;PROD;1820;90024;;ADD;108;RLT_14
2024;3;80004;8000;PROD;1923;70004;;RM;2328;RLT_14
2024;3;80004;8000;PROD;1923;90025;;ADD;68;RLT_14
2024;4;10004;8002;FIN;1047;50004;8002;PROD;1047;RLT_14
2024;4;50004;8002;PROD;780;80074;8007;PROD;878;RLT_14
2024;4;50004;8002;PROD;780;90020;;ADD;51;RLT_14
2024;4;50004;8002;PROD;780;90021;;ADD;22;RLT_14
2024;4;80074;8007;PROD;842;80014;8001;PROD;3353;RLT_14
2024;4;80074;8007;PROD;842;90022;;ADD;30;RLT_14
2024;4;80074;8007;PROD;842;90023;;ADD;10;RLT_14
2024;4;80014;8001;PROD;1749;80004;8000;PROD;1940;RLT_14
2024;4;80014;8001;PROD;1749;90024;;ADD;102;RLT_14
2024;4;80004;8000;PROD;2049;70004;;RM;2644;RLT_14
2024;4;80004;8000;PROD;2049;90025;;ADD;76;RLT_14
2024;5;10004;8002;FIN;1006;50004;8002;PROD;1006;RLT_14
2024;5;50004;8002;PROD;830;80074;8007;PROD;883;RLT_14
2024;5;50004;8002;PROD;830;90020;;ADD;47;RLT_14
2024;5;50004;8002;PROD;830;90021;;ADD;19;RLT_14
2024;5;80074;8007;PROD;964;80014;8001;PROD;3545;RLT_14
2024;5;80074;8007;PROD;964;90022;;ADD;32;RLT_14
2024;5;80074;8007;PROD;964;90023;;ADD;9;RLT_14
2024;5;80014;8001;PROD;1667;80004;8000;PROD;2058;RLT_14
2024;5;80014;8001;PROD;1667;90024;;ADD;107;RLT_14
2024;5;80004;8000;PROD;2142;70004;;RM;2926;RLT_14
2024;5;80004;8000;PROD;2142;90025;;ADD;64;RLT_14
2024;6;10004;8002;FIN;922;50004;8002;PROD;922;RLT_14
2024;6;50004;8002;PROD;746;80074;8007;PROD;856;RLT_14
2024;6;50004;8002;PROD;746;90020;;ADD;49;RLT_14
2024;6;50004;8002;PROD;746;90021;;ADD;21;RLT_14
2024;6;80074;8007;PROD;880;80014;8001;PROD;3451;RLT_14
2024;6;80074;8007;PROD;880;90022;;ADD;29;RLT_14
2024;6;80074;8007;PROD;880;90023;;ADD;10;RLT_14
2024;6;80014;8001;PROD;1783;80004;8000;PROD;1895;RLT_14
2024;6;80014;8001;PROD;1783;90024;;ADD;90;RLT_14
2024;6;80004;8000;PROD;1852;70004;;RM;2384;RLT_14
2024;6;80004;8000;PROD;1852;90025;;ADD;71;RLT_14
2024;7;10004;8002;FIN;1037;50004;8002;PROD;1037;RLT_14
2024;7;50004;8002;PROD;859;80074;8007;PROD;856;RLT_14
2024;7;50004;8002;PROD;859;90020;;ADD;47;RLT_14
2024;7;50004;8002;PROD;859;90021;;ADD;20;RLT_14
2024;7;80074;8007;PROD;814;80014;8001;PROD;3696;RLT_14
2024;7;80074;8007;PROD;814;90022;;ADD;33;RLT_14
2024;7;80074;8007;PROD;814;90023;;ADD;11;RLT_14
2024;7;80014;8001;PROD;1821;80004;8000;PROD;1884;RLT_14
2024;7;80014;8001;PROD;1821;90024;;ADD;96;RLT_14
2024;7;80004;8000;PROD;2083;70004;;RM;2153;RLT_14
2024;7;80004;8000;PROD;2083;90025;;ADD;66;RLT_14
2024;8;10004;8002;FIN;994;50004;8002;PROD;994;RLT_14
2024;8;50004;8002;PROD;751;80074;8007;PROD;953;RLT_14
2024;8;50004;8002;PROD;751;90020;;ADD;55;RLT_14
2024;8;50004;8002;PROD;751;90021;;ADD;21;RLT_14
2024;8;80074;8007;PROD;986;80014;8001;PROD;3886;RLT_14
2024;8;80074;8007;PROD;986;90022;;ADD;31;RLT_14
2024;8;80074;8007;PROD;986;90023;;ADD;10;RLT_14
2024;8;80014;8001;PROD;1828;80004;8000;PROD;2323;RLT_14
2024;8;80014;8001;PROD;1828;90024;;ADD;107;RLT_14
2024;8;80004;8000;PROD;2041;70004;;RM;2420;RLT_14
2024;8;80004;8000;PROD;2041;90025;;ADD;68;RLT_14
2024;9;10004;8002;FIN;1040;50004;8002;PROD;1040;RLT_14
2024;9;50004;8002;PROD;720;80074;8007;PROD;982;RLT_14
2024;9;50004;8002;PROD;720;90020;;ADD;52;RLT_14
2024;9;50004;8002;PROD;720;90021;;ADD;21;RLT_14
2024;9;80074;8007;PROD;977;80014;8001;PROD;3226;RLT_14
2024;9;80074;8007;PROD;977;90022;;ADD;29;RLT_14
2024;9;80074;8007;PROD;977;90023;;ADD;9;RLT_14
2024;9;80014;8001;PROD;1679;80004;8000;PROD;1910;RLT_14
2024;9;80014;8001;PROD;1679;90024;;ADD;91;RLT_14
2024;9;80004;8000;PROD;1924;70004;;RM;2434;RLT_14
2024;9;80004;8000;PROD;1924;90025;;ADD;71;RLT_14
2024;10;10004;8002;FIN;949;50004;8002;PROD;949;RLT_14
2024;10;50004;8002;PROD;745;80074;8007;PROD;820;RLT_14
2024;10;50004;8002;PROD;745;90020;;ADD;48;RLT_14
2024;10;50004;8002;PROD;745;90021;;ADD;22;RLT_14
2024;10;80074;8007;PROD;895;80014;8001;PROD;3258;RLT_14
2024;10;80074;8007;PROD;895;90022;;ADD;27;RLT_14
2024;10;80074;8007;PROD;895;90023;;ADD;11;RLT_14
2024;10;80014;8001;PROD;1686;80004;8000;PROD;1847;RLT_14
2024;10;80014;8001;PROD;1686;90024;;ADD;103;RLT_14
2024;10;80004;8000;PROD;1972;70004;;RM;2550;RLT_14
2024;10;80004;8000;PROD;1972;90025;;ADD;64;RLT_14
2024;11;10004;8002;FIN;1069;50004;8002;PROD;1069;RLT_14
2024;11;50004;8002;PROD;766;80074;8007;PROD;880;RLT_14
2024;11;50004;8002;PROD;766;90020;;ADD;49;RLT_14
2024;11;50004;8002;PROD;766;90021;;ADD;22;RLT_14
2024;11;80074;8007;PROD;816;80014;8001;PROD;3251;RLT_14
2024;11;80074;8007;PROD;816;90022;;ADD;32;RLT_14
2024;11;80074;8007;PROD;816;90023;;ADD;11;RLT_14
2024;11;80014;8001;PROD;1709;80004;8000;PROD;1871;RLT_14
2024;11;80014;8001;PROD;1709;90024;;ADD;100;RLT_14
2024;11;80004;8000;PROD;1887;70004;;RM;2766;RLT_14
2024;11;80004;8000;PROD;1887;90025;;ADD;76;RLT_14
2024;12;10004;8002;FIN;957;50004;8002;PROD;957;RLT_14
2024;12;50004;8002;PROD;820;80074;8007;PROD;998;RLT_14
2024;12;50004;8002;PROD;820;90020;;ADD;52;RLT_14
2024;12;50004;8002;PROD;820;90021;;ADD;19;RLT_14
2024;12;80074;8007;PROD;972;80014;8001;PROD;3635;RLT_14
2024;12;80074;8007;PROD;972;90022;;ADD;29;RLT_14
2024;12;80074;8007;PROD;972;90023;;ADD;10;RLT_14
2024;12;80014;8001;PROD;1956;80004;8000;PROD;1909;RLT_14
2024;12;80014;8001;PROD;1956;90024;;ADD;98;RLT_14
2024;12;80004;8000;PROD;1905;70004;;RM;2521;RLT_14
2024;12;80004;8000;PROD;1905;90025;;ADD;63;RLT_14
2024;1;10005;8002;FIN;975;50005;8002;PROD;975;RLT_14
2024;1;50005;8002;PROD;739;80075;8007;PROD;808;RLT_14
2024;1;50005;8002;PROD;739;90025;;ADD;49;RLT_14
2024;1;50005;8002;PROD;739;90026;;ADD;21;RLT_14
2024;1;80075;8007;PROD;897;80015;8001;PROD;3541;RLT_14
2024;1;80075;8007;PROD;897;90027;;ADD;29;RLT_14
2024;1;80075;8007;PROD;897;90028;;ADD;11;RLT_14
2024;1;80015;8001;PROD;1670;80005;8000;PROD;1909;RLT_14
2024;1;80015;8001;PROD;1670;90029;;ADD;96;RLT_14
2024;1;80005;8000;PROD;1904;70005;;RM;2803;RLT_14
2024;1;80005;8000;PROD;1904;90030;;ADD;72;RLT_14
2024;2;10005;8002;FIN;1050;50005;8002;PROD;1050;RLT_14
2024;2;50005;8002;PROD;811;80075;8007;PROD;879;RLT_14
2024;2;50005;8002;PROD;811;90025;;ADD;48;RLT_14
2024;2;50005;8002;PROD;811;90026;;ADD;20;RLT_14
2024;2;80075;8007;PROD;875;80015;8001;PROD;3021;RLT_14
2024;2;80075;8007;PROD;875;90027;;ADD;29;RLT_14
2024;2;80075;8007;PROD;875;90028;;ADD;11;RLT_14
2024;2;80015;8001;PROD;1635;80005;8000;PROD;2130;RLT_14
2024;2;80015;8001;PROD;1635;90029;;ADD;107;RLT_14
2024;2;80005;8000;PROD;2144;70005;;RM;2538;RLT_14
2024;2;80005;8000;PROD;2144;90030;;ADD;73;RLT_14
2024;3;10005;8002;FIN;955;50005;8002;PROD;955;RLT_14
2024;3;50005;8002;PROD;795;80075;8007;PROD;818;RLT_14
2024;3;50005;8002;PROD;795;90025;;ADD;46;RLT_14
2024;3;50005;8002;PROD;795;90026;;ADD;20;RLT_14
2024;3;80075;8007;PROD;894;80015;8001;PROD;3359;RLT_14
2024;3;80075;8007;PROD;894;90027;;ADD;33;RLT_14
2024;3;80075;8007;PROD;894;90028;;ADD;9;RLT_14
2024;3;80015;8001;PROD;1708;80005;8000;PROD;2035;RLT_14
2024;3;80015;8001;PROD;1708;90029;;ADD;91;RLT_14
2024;3;80005;8000;PROD;1854;70005;;RM;2677;RLT_14
2024;3;80005;8000;PROD;1854;90030;;ADD;68;RLT_14
2024;4;10005;8002;FIN;1070;50005;8002;PROD;1070;RLT_14
2024;4;50005;8002;PROD;805;80075;8007;PROD;927;RLT_14
2024;4;50005;8002;PROD;805;90025;;ADD;53;RLT_14
2024;4;50005;8002;PROD;805;90026;;ADD;20;RLT_14
2024;4;80075;8007;PROD;848;80015;8001;PROD;3447;RLT_14
2024;4;80075;8007;PROD;848;90027;;ADD;30;RLT_14
2024;4;80075;8007;PROD;848;90028;;ADD;10;RLT_14
2024;4;80015;8001;PROD;1862;80005;8000;PROD;2031;RLT_14
2024;4;80015;8001;PROD;1862;90029;;ADD;110;RLT_14
2024;4;80005;8000;PROD;2075;70005;;RM;2616;RLT_14
2024;4;80005;8000;PROD;2075;90030;;ADD;65;RLT_14
2024;5;10005;8002;FIN;954;50005;8002;PROD;954;RLT_14
2024;5;50005;8002;PROD;757;80075;8007;PROD;881;RLT_14
2024;5;50005;8002;PROD;757;90025;;ADD;50;RLT_14
2024;5;50005;8002;PROD;757;90026;;ADD;19;RLT_14
2024;5;80075;8007;PROD;857;80015;8001;PROD;3270;RLT_14
2024;5;80075;8007;PROD;857;90027;;ADD;32;RLT_14
2024;5;80075;8007;PROD;857;90028;;ADD;11;RLT_14
2024;5;80015;8001;PROD;1630;80005;8000;PROD;2105;RLT_14
2024;5;80015;8001;PROD;1630;90029;;ADD;109;RLT_14
2024;5;80005;8000;PROD;2166;70005;;RM;2638;RLT_14
2024;5;80005;8000;PROD;2166;90030;;ADD;74;RLT_14
2024;6;10005;8002;FIN;901;50005;8002;PROD;901;RLT_14
2024;6;50005;8002;PROD;764;80075;8007;PROD;984;RLT_14
2024;6;50005;8002;PROD;764;90025;;ADD;45;RLT_14
2024;6;50005;8002;PROD;764;90026;;ADD;20;RLT_14
2024;6;80075;8007;PROD;988;80015;8001;PROD;3803;RLT_14
2024;6;80075;8007;PROD;988;90027;;ADD;32;RLT_14
2024;6;80075;8007;PROD;988;90028;;ADD;11;RLT_14
2024;6;80015;8001;PROD;1772;80005;8000;PROD;2364;RLT_14
2024;6;80015;8001;PROD;1772;90029;;ADD;98;RLT_14
2024;6;80005;8000;PROD;2185;70005;;RM;2117;RLT_14
2024;6;80005;8000;PROD;2185;90030;;ADD;68;RLT_14
2024;7;10005;8002;FIN;1054;50005;8002;PROD;1054;RLT_14
2024;7;50005;8002;PROD;764;80075;8007;PROD;803;RLT_14
2024;7;50005;8002;PROD;764;90025;;ADD;49;RLT_14
2024;7;50005;8002;PROD;764;90026;;ADD;20;RLT_14
2024;7;80075;8007;PROD;870;80015;8001;PROD;3842;RLT_14
2024;7;80075;8007;PROD;870;90027;;ADD;32;RLT_14
2024;7;80075;8007;PROD;870;90028;;ADD;10;RLT_14
2024;7;80015;8001;PROD;1773;80005;8000;PROD;2033;RLT_14
2024;7;80015;8001;PROD;1773;90029;;ADD;94;RLT_14
2024;7;80005;8000;PROD;1944;70005;;RM;2641;RLT_14
2024;7;80005;8000;PROD;1944;90030;;ADD;75;RLT_14
2024;8;10005;8002;FIN;1044;50005;8002;PROD;1044;RLT_14
2024;8;50005;8002;PROD;747;80075;8007;PROD;942;RLT_14
2024;8;50005;8002;PROD;747;90025;;ADD;47;RLT_14
2024;8;50005;8002;PROD;747;90026;;ADD;19;RLT_14
2024;8;80075;8007;PROD;977;80015;8001;PROD;3835;RLT_14
2024;8;80075;8007;PROD;977;90027;;ADD;29;RLT_14
2024;8;80075;8007;PROD;977;90028;;ADD;10;RLT_14
2024;8;80015;8001;PROD;1922;80005;8000;PROD;1928;RLT_14
2024;8;80015;8001;PROD;1922;90029;;ADD;99;RLT_14
2024;8;80005;8000;PROD;1931;70005;;RM;2797;RLT_14
2024;8;80005;8000;PROD;1931;90030;;ADD;68;RLT_14
2024;9;10005;8002;FIN;941;50005;8002;PROD;941;RLT_14
2024;9;50005;8002;PROD;861;80075;8007;PROD;1018;RLT_14
2024;9;50005;8002;PROD;861;90025;;ADD;47;RLT_14
2024;9;50005;8002;PROD;861;90026;;ADD;21;RLT_14
2024;9;80075;8007;PROD;958;80015;8001;PROD;3219;RLT_14
2024;9;80075;8007;PROD;958;90027;;ADD;32;RLT_14
2024;9;80075;8007;PROD;958;90028;;ADD;10;RLT_14
2024;9;80015;8001;PROD;1707;80005;8000;PROD;2108;RLT_14
2024;9;80015;8001;PROD;1707;90029;;ADD;101;RLT_14
2024;9;80005;8000;PROD;1950;70005;;RM;2429;RLT_14
2024;9;80005;8000;PROD;1950;90030;;ADD;66;RLT_14
2024;10;10005;8002;FIN;1049;50005;8002;PROD;1049;RLT_14
2024;10;50005;8002;PROD;810;80075;8007;PROD;876;RLT_14
2024;10;50005;8002;PROD;810;90025;;ADD;51;RLT_14
2024;10;50005;8002;PROD;810;90026;;ADD;19;RLT_14
2024;10;80075;8007;PROD;811;80015;8001;PROD;3890;RLT_14
2024;10;80075;8007;PROD;811;90027;;ADD;30;RLT_14
2024;10;80075;8007;PROD;811;90028;;ADD;10;RLT_14
2024;10;80015;8001;PROD;1895;80005;8000;PROD;2103;RLT_14
2024;10;80015;8001;PROD;1895;90029;;ADD;107;RLT_14
2024;10;80005;8000;PROD;2045;70005;;RM;2287;RLT_14
2024;10;80005;8000;PROD;2045;90030;;ADD;67;RLT_14
2024;11;10005;8002;FIN;949;50005;8002;PROD;949;RLT_14
2024;11;50005;8002;PROD;840;80075;8007;PROD;966;RLT_14
2024;11;50005;8002;PROD;840;90025;;ADD;49;RLT_14
2024;11;50005;8002;PROD;840;90026;;ADD;20;RLT_14
2024;11;80075;8007;PROD;927;80015;8001;PROD;3601;RLT_14
2024;11;80075;8007;PROD;927;90027;;ADD;30;RLT_14
2024;11;80075;8007;PROD;927;90028;;ADD;10;RLT_14
2024;11;80015;8001;PROD;1946;80005;8000;PROD;1938;RLT_14
2024;11;80015;8001;PROD;1946;90029;;ADD;100;RLT_14
2024;11;80005;8000;PROD;1859;70005;;RM;2558;RLT_14
2024;11;80005;8000;PROD;1859;90030;;ADD;69;RLT_14
2024;12;10005;8002;FIN;1081;50005;8002;PROD;1081;RLT_14
2024;12;50005;8002;PROD;794;80075;8007;PROD;857;RLT_14
2024;12;50005;8002;PROD;794;90025;;ADD;51;RLT_14
2024;12;50005;8002;PROD;794;90026;;ADD;21;RLT_14
2024;12;80075;8007;PROD;849;80015;8001;PROD;3822;RLT_14
2024;12;80075;8007;PROD;849;90027;;ADD;27;RLT_14
2024;12;80075;8007;PROD;849;90028;;ADD;9;RLT_14
2024;12;80015;8001;PROD;1780;80005;8000;PROD;2046;RLT_14
2024;12;80015;8001;PROD;1780;90029;;ADD;102;RLT_14
2024;12;80005;8000;PROD;2181;70005;;RM;2523;RLT_14
2024;12;80005;8000;PROD;2181;90030;;ADD;65;RLT_14
2024;1;10006;8002;FIN;1032;50006;8002;PROD;1032;RLT_14
2024;1;50006;8002;PROD;790;80076;8007;PROD;928;RLT_14
2024;1;50006;8002;PROD;790;90030;;ADD;52;RLT_14
2024;1;50006;8002;PROD;790;90031;;ADD;18;RLT_14
2024;1;80076;8007;PROD;868;80016;8001;PROD;3471;RLT_14
2024;1;80076;8007;PROD;868;90032;;ADD;32;RLT_14
2024;1;80076;8007;PROD;868;90033;;ADD;9;RLT_14
2024;1;80016;8001;PROD;1825;80006;8000;PROD;2301;RLT_14
2024;1;80016;8001;PROD;1825;90034;;ADD;92;RLT_14
2024;1;80006;8000;PROD;2136;70006;;RM;2860;RLT_14
2024;1;80006;8000;PROD;2136;90035;;ADD;70;RLT_14
2024;2;10006;8002;FIN;1084;50006;8002;PROD;1084;RLT_14
2024;2;50006;8002;PROD;873;80076;8007;PROD;873;RLT_14
2024;2;50006;8002;PROD;873;90030;;ADD;52;RLT_14
2024;2;50006;8002;PROD;873;90031;;ADD;20;RLT_14
2024;2;80076;8007;PROD;815;80016;8001;PROD;3812;RLT_14
2024;2;80076;8007;PROD;815;90032;;ADD;29;RLT_14
2024;2;80076;8007;PROD;815;90033;;ADD;11;RLT_14
2024;2;80016;8001;PROD;1820;80006;8000;PROD;1828;RLT_14
2024;2;80016;8001;PROD;1820;90034;;ADD;99;RLT_14
2024;2;80006;8000;PROD;1825;70006;;RM;2175;RLT_14
2024;2;80006;8000;PROD;1825;90035;;ADD;74;RLT_14
2024;3;10006;8002;FIN;1005;50006;8002;PROD;1005;RLT_14
2024;3;50006;8002;PROD;864;80076;8007;PROD;865;RLT_14
2024;3;50006;8002;PROD;864;90030;;ADD;49;RLT_14
2024;3;50006;8002;PROD;864;90031;;ADD;20;RLT_14
2024;3;80076;8007;PROD;896;80016;8001;PROD;3058;RLT_14
2024;3;80076;8007;PROD;896;90032;;ADD;28;RLT_14
2024;3;80076;8007;PROD;896;90033;;ADD;10;RLT_14
2024;3;80016;8001;PROD;1647;80006;8000;PROD;1826;RLT_14
2024;3;80016;8001;PROD;1647;90034;;ADD;101;RLT_14
2024;3;80006;8000;PROD;1945;70006;;RM;2467;RLT_14
2024;3;80006;8000;PROD;1945;90035;;ADD;67;RLT_14
2024;4;10006;8002;FIN;984;50006;8002;PROD;984;RLT_14
2024;4;50006;8002;PROD;774;80076;8007;PROD;917;RLT_14
2024;4;50006;8002;PROD;774;90030;;ADD;46;RLT_14
2024;4;50006;8002;PROD;774;90031;;ADD;19;RLT_14
2024;4;80076;8007;PROD;859;80016;8001;PROD;3313;RLT_14
2024;4;80076;8007;PROD;859;90032;;ADD;30;RLT_14
2024;4;80076;8007;PROD;859;90033;;ADD;9;RLT_14
2024;4;80016;8001;PROD;1755;80006;8000;PROD;2106;RLT_14
2024;4;80016;8001;PROD;1755;90034;;ADD;107;RLT_14
2024;4;80006;8000;PROD;2023;70006;;RM;2525;RLT_14
2024;4;80006;8000;PROD;2023;90035;;ADD;76;RLT_14
2024;5;10006;8002;FIN;1005;50006;8002;PROD;1005;RLT_14
2024;5;50006;8002;PROD;851;80076;8007;PROD;970;RLT_14
2024;5;50006;8002;PROD;851;90030;;ADD;52;RLT_14
2024;5;50006;8002;PROD;851;90031;;ADD;19;RLT_14
2024;5;80076;8007;PROD;924;80016;8001;PROD;3064;RLT_14
2024;5;80076;8007;PROD;924;90032;;ADD;33;RLT_14
2024;5;80076;8007;PROD;924;90033;;ADD;11;RLT_14
2024;5;80016;8001;PROD;1665;80006;8000;PROD;2127;RLT_14
2024;5;80016;8001;PROD;1665;90034;;ADD;104;RLT_14
2024;5;80006;8000;PROD;2063;70006;;RM;2372;RLT_14
2024;5;80006;8000;PROD;2063;90035;;ADD;73;RLT_14
2024;6;10006;8002;FIN;935;50006;8002;PROD;935;RLT_14
2024;6;50006;8002;PROD;758;80076;8007;PROD;1059;RLT_14
2024;6;50006;8002;PROD;758;90030;;ADD;54;RLT_14
2024;6;50006;8002;PROD;758;90031;;ADD;20;RLT_14
2024;6;80076;8007;PROD;969;80016;8001;PROD;4276;RLT_14
2024;6;80076;8007;PROD;969;90032;;ADD;28;RLT_14
2024;6;80076;8007;PROD;969;90033;;ADD;10;RLT_14
2024;6;80016;8001;PROD;1979;80006;8000;PROD;1944;RLT_14
2024;6;80016;8001;PROD;1979;90034;;ADD;109;RLT_14
2024;6;80006;8000;PROD;1911;70006;;RM;2787;RLT_14
2024;6;80006;8000;PROD;1911;90035;;ADD;72;RLT_14
2024;7;10006;8002;FIN;973;50006;8002;PROD;973;RLT_14
2024;7;50006;8002;PROD;798;80076;8007;PROD;867;RLT_14
2024;7;50006;8002;PROD;798;90030;;ADD;51;RLT_14
2024;7;50006;8002;PROD;798;90031;;ADD;20;RLT_14
2024;7;80076;8007;PROD;855;80016;8001;PROD;3921;RLT_14
2024;7;80076;8007;PROD;855;90032;;ADD;29;RLT_14
2024;7;80076;8007;PROD;855;90033;;ADD;9;RLT_14
2024;7;80016;8001;PROD;1964;80006;8000;PROD;1943;RLT_14
2024;7;80016;8001;PROD;1964;90034;;ADD;94;RLT_14
2024;7;80006;8000;PROD;1865;70006;;RM;2936;RLT_14
2024;7;80006;8000;PROD;1865;90035;;ADD;73;RLT_14
2024;8;10006;8002;FIN;1034;50006;8002;PROD;1034;RLT_14
2024;8;50006;8002;PROD;844;80076;8007;PROD;868;RLT_14
2024;8;50006;8002;PROD;844;90030;;ADD;46;RLT_14
2024;8;50006;8002;PROD;844;90031;;ADD;22;RLT_14
2024;8;80076;8007;PROD;830;80016;8001;PROD;3186;RLT_14
2024;8;80076;8007;PROD;830;90032;;ADD;29;RLT_14
2024;8;80076;8007;PROD;830;90033;;ADD;10;RLT_14
2024;8;80016;8001;PROD;1725;80006;8000;PROD;1904;RLT_14
2024;8;80016;8001;PROD;1725;90034;;ADD;100;RLT_14
2024;8;80006;8000;PROD;1941;70006;;RM;2655;RLT_14
2024;8;80006;8000;PROD;1941;90035;;ADD;64;RLT_14
2024;9;10006;8002;FIN;1040;50006;8002;PROD;1040;RLT_14
2024;9;50006;8002;PROD;720;80076;8007;PROD;982;RLT_14
2024;9;50006;8002;PROD;720;90030;;ADD;52;RLT_14
2024;9;50006;8002;PROD;720;90031;;ADD;21;RLT_14
2024;9;80076;8007;PROD;977;80016;8001;PROD;3226;RLT_14
2024;9;80076;8007;PROD;977;90032;;ADD;29;RLT_14
2024;9;80076;8007;PROD;977;90033;;ADD;9;RLT_14
2024;9;80016;8001;PROD;1679;80006;8000;PROD;1910;RLT_14
2024;9;80016;8001;PROD;1679;90034;;ADD;91;RLT_14
2024;9;80006;8000;PROD;1924;70006;;RM;2434;RLT_14
2024;9;80006;8000;PROD;1924;90035;;ADD;71;RLT_14
2024;10;10006;8002;FIN;949;50006;8002;PROD;949;RLT_14
2024;10;50006;8002;PROD;745;80076;8007;PROD;820;RLT_14
2024;10;50006;8002;PROD;745;90030;;ADD;48;RLT_14
2024;10;50006;8002;PROD;745;90031;;ADD;22;RLT_14
2024;10;80076;8007;PROD;895;80016;8001;PROD;3258;RLT_14
2024;10;80076;8007;PROD;895;90032;;ADD;27;RLT_14
2024;10;80076;8007;PROD;895;90033;;ADD;11;RLT_14
2024;10;80016;8001;PROD;1686;80006;8000;PROD;1847;RLT_14
2024;10;80016;8001;PROD;1686;90034;;ADD;103;RLT_14
2024;10;80006;8000;PROD;1972;70006;;RM;2550;RLT_14
2024;10;80006;8000;PROD;1972;90035;;ADD;64;RLT_14
2024;11;10006;8002;FIN;1069;50006;8002;PROD;1069;RLT_14
2024;11;50006;8002;PROD;766;80076;8007;PROD;880;RLT_14
2024;11;50006;8002;PROD;766;90030;;ADD;49;RLT_14
2024;11;50006;8002;PROD;766;90031;;ADD;22;RLT_14
2024;11;80076;8007;PROD;816;80016;8001;PROD;3251;RLT_14
2024;11;80076;8007;PROD;816;90032;;ADD;32;RLT_14
2024;11;80076;8007;PROD;816;90033;;ADD;11;RLT_14
2024;11;80016;8001;PROD;1709;80006;8000;PROD;1871;RLT_14
2024;11;80016;8001;PROD;1709;90034;;ADD;100;RLT_14
2024;11;80006;8000;PROD;1887;70006;;RM;2766;RLT_14
2024;11;80006;8000;PROD;1887;90035;;ADD;76;RLT_14
2024;12;10006;8002;FIN;957;50006;8002;PROD;957;RLT_14
2024;12;50006;8002;PROD;820;80076;8007;PROD;998;RLT_14
2024;12;50006;8002;PROD;820;90030;;ADD;52;RLT_14
2024;12;50006;8002;PROD;820;90031;;ADD;19;RLT_14
2024;12;80076;8007;PROD;972;80016;8001;PROD;3635;RLT_14
2024;12;80076;8007;PROD;972;90032;;ADD;29;RLT_14
2024;12;80076;8007;PROD;972;90033;;ADD;10;RLT_14
2024;12;80016;8001;PROD;1956;80006;8000;PROD;1909;RLT_14
2024;12;80016;8001;PROD;1956;90034;;ADD;98;RLT_14
2024;12;80006;8000;PROD;1905;70006;;RM;2521;RLT_14
2024;12;80006;8000;PROD;1905;90035;;ADD;63;RLT_14
2024;1;10007;8002;FIN;975;50007;8002;PROD;975;RLT_16
2024;1;50007;8002;PROD;739;80077;8007;PROD;808;RLT_16
2024;1;50007;8002;PROD;739;90035;;ADD;49;RLT_16
2024;1;50007;8002;PROD;739;90036;;ADD;21;RLT_16
2024;1;80077;8007;PROD;897;80017;8001;PROD;3541;RLT_16
2024;1;80077;8007;PROD;897;90037;;ADD;29;RLT_16
2024;1;80077;8007;PROD;897;90038;;ADD;11;RLT_16
2024;1;80017;8001;PROD;1670;80007;8000;PROD;1909;RLT_16
2024;1;80017;8001;PROD;1670;90039;;ADD;96;RLT_16
2024;1;80007;8000;PROD;1904;70007;;RM;2803;RLT_16
2024;1;80007;8000;PROD;1904;90040;;ADD;72;RLT_16
2024;2;10007;8002;FIN;1050;50007;8002;PROD;1050;RLT_16
2024;2;50007;8002;PROD;811;80077;8007;PROD;879;RLT_16
2024;2;50007;8002;PROD;811;90035;;ADD;48;RLT_16
2024;2;50007;8002;PROD;811;90036;;ADD;20;RLT_16
2024;2;80077;8007;PROD;875;80017;8001;PROD;3021;RLT_16
2024;2;80077;8007;PROD;875;90037;;ADD;29;RLT_16
2024;2;80077;8007;PROD;875;90038;;ADD;11;RLT_16
2024;2;80017;8001;PROD;1635;80007;8000;PROD;2130;RLT_16
2024;2;80017;8001;PROD;1635;90039;;ADD;107;RLT_16
2024;2;80007;8000;PROD;2144;70007;;RM;2538;RLT_16
2024;2;80007;8000;PROD;2144;90040;;ADD;73;RLT_16
2024;3;10007;8002;FIN;955;50007;8002;PROD;955;RLT_16
2024;3;50007;8002;PROD;795;80077;8007;PROD;818;RLT_16
2024;3;50007;8002;PROD;795;90035;;ADD;46;RLT_16
2024;3;50007;8002;PROD;795;90036;;ADD;20;RLT_16
2024;3;80077;8007;PROD;894;80017;8001;PROD;3359;RLT_16
2024;3;80077;8007;PROD;894;90037;;ADD;33;RLT_16
2024;3;80077;8007;PROD;894;90038;;ADD;9;RLT_16
2024;3;80017;8001;PROD;1708;80007;8000;PROD;2035;RLT_16
2024;3;80017;8001;PROD;1708;90039;;ADD;91;RLT_16
2024;3;80007;8000;PROD;1854;70007;;RM;2677;RLT_16
2024;3;80007;8000;PROD;1854;90040;;ADD;68;RLT_16
2024;4;10007;8002;FIN;1070;50007;8002;PROD;1070;RLT_16
2024;4;50007;8002;PROD;805;80077;8007;PROD;927;RLT_16
2024;4;50007;8002;PROD;805;90035;;ADD;53;RLT_16
2024;4;50007;8002;PROD;805;90036;;ADD;20;RLT_16
2024;4;80077;8007;PROD;848;80017;8001;PROD;3447;RLT_16
2024;4;80077;8007;PROD;848;90037;;ADD;30;RLT_16
2024;4;80077;8007;PROD;848;90038;;ADD;10;RLT_16
2024;4;80017;8001;PROD;1862;80007;8000;PROD;2031;RLT_16
2024;4;80017;8001;PROD;1862;90039;;ADD;110;RLT_16
2024;4;80007;8000;PROD;2075;70007;;RM;2616;RLT_16
2024;4;80007;8000;PROD;2075;90040;;ADD;65;RLT_16
2024;5;10007;8002;FIN;954;50007;8002;PROD;954;RLT_16
2024;5;50007;8002;PROD;757;80077;8007;PROD;881;RLT_16
2024;5;50007;8002;PROD;757;90035;;ADD;50;RLT_16
2024;5;50007;8002;PROD;757;90036;;ADD;19;RLT_16
2024;5;80077;8007;PROD;857;80017;8001;PROD;3270;RLT_16
2024;5;80077;8007;PROD;857;90037;;ADD;32;RLT_16
2024;5;80077;8007;PROD;857;90038;;ADD;11;RLT_16
2024;5;80017;8001;PROD;1630;80007;8000;PROD;2105;RLT_16
2024;5;80017;8001;PROD;1630;90039;;ADD;109;RLT_16
2024;5;80007;8000;PROD;2166;70007;;RM;2638;RLT_16
2024;5;80007;8000;PROD;2166;90040;;ADD;74;RLT_16
2024;6;10007;8002;FIN;901;50007;8002;PROD;901;RLT_16
2024;6;50007;8002;PROD;764;80077;8007;PROD;984;RLT_16
2024;6;50007;8002;PROD;764;90035;;ADD;45;RLT_16
2024;6;50007;8002;PROD;764;90036;;ADD;20;RLT_16
2024;6;80077;8007;PROD;988;80017;8001;PROD;3803;RLT_16
2024;6;80077;8007;PROD;988;90037;;ADD;32;RLT_16
2024;6;80077;8007;PROD;988;90038;;ADD;11;RLT_16
2024;6;80017;8001;PROD;1772;80007;8000;PROD;2364;RLT_16
2024;6;80017;8001;PROD;1772;90039;;ADD;98;RLT_16
2024;6;80007;8000;PROD;2185;70007;;RM;2117;RLT_16
2024;6;80007;8000;PROD;2185;90040;;ADD;68;RLT_16
2024;7;10007;8002;FIN;1054;50007;8002;PROD;1054;RLT_16
2024;7;50007;8002;PROD;764;80077;8007;PROD;803;RLT_16
2024;7;50007;8002;PROD;764;90035;;ADD;49;RLT_16
2024;7;50007;8002;PROD;764;90036;;ADD;20;RLT_16
2024;7;80077;8007;PROD;870;80017;8001;PROD;3842;RLT_16
2024;7;80077;8007;PROD;870;90037;;ADD;32;RLT_16
2024;7;80077;8007;PROD;870;90038;;ADD;10;RLT_16
2024;7;80017;8001;PROD;1773;80007;8000;PROD;2033;RLT_16
2024;7;80017;8001;PROD;1773;90039;;ADD;94;RLT_16
2024;7;80007;8000;PROD;1944;70007;;RM;2641;RLT_16
2024;7;80007;8000;PROD;1944;90040;;ADD;75;RLT_16
2024;8;10007;8002;FIN;1044;50007;8002;PROD;1044;RLT_16
2024;8;50007;8002;PROD;747;80077;8007;PROD;942;RLT_16
2024;8;50007;8002;PROD;747;90035;;ADD;47;RLT_16
2024;8;50007;8002;PROD;747;90036;;ADD;19;RLT_16
2024;8;80077;8007;PROD;977;80017;8001;PROD;3835;RLT_16
2024;8;80077;8007;PROD;977;90037;;ADD;29;RLT_16
2024;8;80077;8007;PROD;977;90038;;ADD;10;RLT_16
2024;8;80017;8001;PROD;1922;80007;8000;PROD;1928;RLT_16
2024;8;80017;8001;PROD;1922;90039;;ADD;99;RLT_16
2024;8;80007;8000;PROD;1931;70007;;RM;2797;RLT_16
2024;8;80007;8000;PROD;1931;90040;;ADD;68;RLT_16
2024;9;10007;8002;FIN;941;50007;8002;PROD;941;RLT_16
2024;9;50007;8002;PROD;861;80077;8007;PROD;1018;RLT_16
2024;9;50007;8002;PROD;861;90035;;ADD;47;RLT_16
2024;9;50007;8002;PROD;861;90036;;ADD;21;RLT_16
2024;9;80077;8007;PROD;958;80017;8001;PROD;3219;RLT_16
2024;9;80077;8007;PROD;958;90037;;ADD;32;RLT_16
2024;9;80077;8007;PROD;958;90038;;ADD;10;RLT_16
2024;9;80017;8001;PROD;1707;80007;8000;PROD;2108;RLT_16
2024;9;80017;8001;PROD;1707;90039;;ADD;101;RLT_16
2024;9;80007;8000;PROD;1950;70007;;RM;2429;RLT_16
2024;9;80007;8000;PROD;1950;90040;;ADD;66;RLT_16
2024;10;10007;8002;FIN;1049;50007;8002;PROD;1049;RLT_16
2024;10;50007;8002;PROD;810;80077;8007;PROD;876;RLT_16
2024;10;50007;8002;PROD;810;90035;;ADD;51;RLT_16
2024;10;50007;8002;PROD;810;90036;;ADD;19;RLT_16
2024;10;80077;8007;PROD;811;80017;8001;PROD;3890;RLT_16
2024;10;80077;8007;PROD;811;90037;;ADD;30;RLT_16
2024;10;80077;8007;PROD;811;90038;;ADD;10;RLT_16
2024;10;80017;8001;PROD;1895;80007;8000;PROD;2103;RLT_16
2024;10;80017;8001;PROD;1895;90039;;ADD;107;RLT_16
2024;10;80007;8000;PROD;2045;70007;;RM;2287;RLT_16
2024;10;80007;8000;PROD;2045;90040;;ADD;67;RLT_16
2024;11;10007;8002;FIN;949;50007;8002;PROD;949;RLT_16
2024;11;50007;8002;PROD;840;80077;8007;PROD;966;RLT_16
2024;11;50007;8002;PROD;840;90035;;ADD;49;RLT_16
2024;11;50007;8002;PROD;840;90036;;ADD;20;RLT_16
2024;11;80077;8007;PROD;927;80017;8001;PROD;3601;RLT_16
2024;11;80077;8007;PROD;927;90037;;ADD;30;RLT_16
2024;11;80077;8007;PROD;927;90038;;ADD;10;RLT_16
2024;11;80017;8001;PROD;1946;80007;8000;PROD;1938;RLT_16
2024;11;80017;8001;PROD;1946;90039;;ADD;100;RLT_16
2024;11;80007;8000;PROD;1859;70007;;RM;2558;RLT_16
2024;11;80007;8000;PROD;1859;90040;;ADD;69;RLT_16
2024;12;10007;8002;FIN;1081;50007;8002;PROD;1081;RLT_16
2024;12;50007;8002;PROD;794;80077;8007;PROD;857;RLT_16
2024;12;50007;8002;PROD;794;90035;;ADD;51;RLT_16
2024;12;50007;8002;PROD;794;90036;;ADD;21;RLT_16
2024;12;80077;8007;PROD;849;80017;8001;PROD;3822;RLT_16
2024;12;80077;8007;PROD;849;90037;;ADD;27;RLT_16
2024;12;80077;8007;PROD;849;90038;;ADD;9;RLT_16
2024;12;80017;8001;PROD;1780;80007;8000;PROD;2046;RLT_16
2024;12;80017;8001;PROD;1780;90039;;ADD;102;RLT_16
2024;12;80007;8000;PROD;2181;70007;;RM;2523;RLT_16
2024;12;80007;8000;PROD;2181;90040;;ADD;65;RLT_16
2024;1;10008;8002;FIN;1032;50008;8002;PROD;1032;RLT_16
2024;1;50008;8002;PROD;790;80078;8007;PROD;928;RLT_16
2024;1;50008;8002;PROD;790;90040;;ADD;52;RLT_16
2024;1;50008;8002;PROD;790;90041;;ADD;18;RLT_16
2024;1;80078;8007;PROD;868;80018;8001;PROD;3471;RLT_16
2024;1;80078;8007;PROD;868;90042;;ADD;32;RLT_16
2024;1;80078;8007;PROD;868;90043;;ADD;9;RLT_16
2024;1;80018;8001;PROD;1825;80008;8000;PROD;2301;RLT_16
2024;1;80018;8001;PROD;1825;90044;;ADD;92;RLT_16
2024;1;80008;8000;PROD;2136;70008;;RM;2860;RLT_16
2024;1;80008;8000;PROD;2136;90045;;ADD;70;RLT_16
2024;2;10008;8002;FIN;1084;50008;8002;PROD;1084;RLT_16
2024;2;50008;8002;PROD;873;80078;8007;PROD;873;RLT_16
2024;2;50008;8002;PROD;873;90040;;ADD;52;RLT_16
2024;2;50008;8002;PROD;873;90041;;ADD;20;RLT_16
2024;2;80078;8007;PROD;815;80018;8001;PROD;3812;RLT_16
2024;2;80078;8007;PROD;815;90042;;ADD;29;RLT_16
2024;2;80078;8007;PROD;815;90043;;ADD;11;RLT_16
2024;2;80018;8001;PROD;1820;80008;8000;PROD;1828;RLT_16
2024;2;80018;8001;PROD;1820;90044;;ADD;99;RLT_16
2024;2;80008;8000;PROD;1825;70008;;RM;2175;RLT_16
2024;2;80008;8000;PROD;1825;90045;;ADD;74;RLT_16
2024;3;10008;8002;FIN;1005;50008;8002;PROD;1005;RLT_16
2024;3;50008;8002;PROD;864;80078;8007;PROD;865;RLT_16
2024;3;50008;8002;PROD;864;90040;;ADD;49;RLT_16
2024;3;50008;8002;PROD;864;90041;;ADD;20;RLT_16
2024;3;80078;8007;PROD;896;80018;8001;PROD;3058;RLT_16
2024;3;80078;8007;PROD;896;90042;;ADD;28;RLT_16
2024;3;80078;8007;PROD;896;90043;;ADD;10;RLT_16
2024;3;80018;8001;PROD;1647;80008;8000;PROD;1826;RLT_16
2024;3;80018;8001;PROD;1647;90044;;ADD;101;RLT_16
2024;3;80008;8000;PROD;1945;70008;;RM;2467;RLT_16
2024;3;80008;8000;PROD;1945;90045;;ADD;67;RLT_16
2024;4;10008;8002;FIN;984;50008;8002;PROD;984;RLT_16
2024;4;50008;8002;PROD;774;80078;8007;PROD;917;RLT_16
2024;4;50008;8002;PROD;774;90040;;ADD;46;RLT_16
2024;4;50008;8002;PROD;774;90041;;ADD;19;RLT_16
2024;4;80078;8007;PROD;859;80018;8001;PROD;3313;RLT_16
2024;4;80078;8007;PROD;859;90042;;ADD;30;RLT_16
2024;4;80078;8007;PROD;859;90043;;ADD;9;RLT_16
2024;4;80018;8001;PROD;1755;80008;8000;PROD;2106;RLT_16
2024;4;80018;8001;PROD;1755;90044;;ADD;107;RLT_16
2024;4;80008;8000;PROD;2023;70008;;RM;2525;RLT_16
2024;4;80008;8000;PROD;2023;90045;;ADD;76;RLT_16
2024;5;10008;8002;FIN;1005;50008;8002;PROD;1005;RLT_16
2024;5;50008;8002;PROD;851;80078;8007;PROD;970;RLT_16
2024;5;50008;8002;PROD;851;90040;;ADD;52;RLT_16
2024;5;50008;8002;PROD;851;90041;;ADD;19;RLT_16
2024;5;80078;8007;PROD;924;80018;8001;PROD;3064;RLT_16
2024;5;80078;8007;PROD;924;90042;;ADD;33;RLT_16
2024;5;80078;8007;PROD;924;90043;;ADD;11;RLT_16
2024;5;80018;8001;PROD;1665;80008;8000;PROD;2127;RLT_16
2024;5;80018;8001;PROD;1665;90044;;ADD;104;RLT_16
2024;5;80008;8000;PROD;2063;70008;;RM;2372;RLT_16
2024;5;80008;8000;PROD;2063;90045;;ADD;73;RLT_16
2024;6;10008;8002;FIN;935;50008;8002;PROD;935;RLT_16
2024;6;50008;8002;PROD;758;80078;8007;PROD;1059;RLT_16
2024;6;50008;8002;PROD;758;90040;;ADD;54;RLT_16
2024;6;50008;8002;PROD;758;90041;;ADD;20;RLT_16
2024;6;80078;8007;PROD;969;80018;8001;PROD;4276;RLT_16
2024;6;80078;8007;PROD;969;90042;;ADD;28;RLT_16
2024;6;80078;8007;PROD;969;90043;;ADD;10;RLT_16
2024;6;80018;8001;PROD;1979;80008;8000;PROD;1944;RLT_16
2024;6;80018;8001;PROD;1979;90044;;ADD;109;RLT_16
2024;6;80008;8000;PROD;1911;70008;;RM;2787;RLT_16
2024;6;80008;8000;PROD;1911;90045;;ADD;72;RLT_16
2024;7;10008;8002;FIN;973;50008;8002;PROD;973;RLT_16
2024;7;50008;8002;PROD;798;80078;8007;PROD;867;RLT_16
2024;7;50008;8002;PROD;798;90040;;ADD;51;RLT_16
2024;7;50008;8002;PROD;798;90041;;ADD;20;RLT_16
2024;7;80078;8007;PROD;855;80018;8001;PROD;3921;RLT_16
2024;7;80078;8007;PROD;855;90042;;ADD;29;RLT_16
2024;7;80078;8007;PROD;855;90043;;ADD;9;RLT_16
2024;7;80018;8001;PROD;1964;80008;8000;PROD;1943;RLT_16
2024;7;80018;8001;PROD;1964;90044;;ADD;94;RLT_16
2024;7;80008;8000;PROD;1865;70008;;RM;2936;RLT_16
2024;7;80008;8000;PROD;1865;90045;;ADD;73;RLT_16
2024;8;10008;8002;FIN;1034;50008;8002;PROD;1034;RLT_16
2024;8;50008;8002;PROD;844;80078;8007;PROD;868;RLT_16
2024;8;50008;8002;PROD;844;90040;;ADD;46;RLT_16
2024;8;50008;8002;PROD;844;90041;;ADD;22;RLT_16
2024;8;80078;8007;PROD;830;80018;8001;PROD;3186;RLT_16
2024;8;80078;8007;PROD;830;90042;;ADD;29;RLT_16
2024;8;80078;8007;PROD;830;90043;;ADD;10;RLT_16
2024;8;80018;8001;PROD;1725;80008;8000;PROD;1904;RLT_16
2024;8;80018;8001;PROD;1725;90044;;ADD;100;RLT_16
2024;8;80008;8000;PROD;1941;70008;;RM;2655;RLT_16
2024;8;80008;8000;PROD;1941;90045;;ADD;64;RLT_16
2024;9;10008;8002;FIN;1040;50008;8002;PROD;1040;RLT_16
2024;9;50008;8002;PROD;720;80078;8007;PROD;982;RLT_16
2024;9;50008;8002;PROD;720;90040;;ADD;52;RLT_16
2024;9;50008;8002;PROD;720;90041;;ADD;21;RLT_16
2024;9;80078;8007;PROD;977;80018;8001;PROD;3226;RLT_16
2024;9;80078;8007;PROD;977;90042;;ADD;29;RLT_16
2024;9;80078;8007;PROD;977;90043;;ADD;9;RLT_16
2024;9;80018;8001;PROD;1679;80008;8000;PROD;1910;RLT_16
2024;9;80018;8001;PROD;1679;90044;;ADD;91;RLT_16
2024;9;80008;8000;PROD;1924;70008;;RM;2434;RLT_16
2024;9;80008;8000;PROD;1924;90045;;ADD;71;RLT_16
2024;10;10008;8002;FIN;949;50008;8002;PROD;949;RLT_16
2024;10;50008;8002;PROD;745;80078;8007;PROD;820;RLT_16
2024;10;50008;8002;PROD;745;90040;;ADD;48;RLT_16
2024;10;50008;8002;PROD;745;90041;;ADD;22;RLT_16
2024;10;80078;8007;PROD;895;80018;8001;PROD;3258;RLT_16
2024;10;80078;8007;PROD;895;90042;;ADD;27;RLT_16
2024;10;80078;8007;PROD;895;90043;;ADD;11;RLT_16
2024;10;80018;8001;PROD;1686;80008;8000;PROD;1847;RLT_16
2024;10;80018;8001;PROD;1686;90044;;ADD;103;RLT_16
2024;10;80008;8000;PROD;1972;70008;;RM;2550;RLT_16
2024;10;80008;8000;PROD;1972;90045;;ADD;64;RLT_16
2024;11;10008;8002;FIN;1069;50008;8002;PROD;1069;RLT_16
2024;11;50008;8002;PROD;766;80078;8007;PROD;880;RLT_16
2024;11;50008;8002;PROD;766;90040;;ADD;49;RLT_16
2024;11;50008;8002;PROD;766;90041;;ADD;22;RLT_16
2024;11;80078;8007;PROD;816;80018;8001;PROD;3251;RLT_16
2024;11;80078;8007;PROD;816;90042;;ADD;32;RLT_16
2024;11;80078;8007;PROD;816;90043;;ADD;11;RLT_16
2024;11;80018;8001;PROD;1709;80008;8000;PROD;1871;RLT_16
2024;11;80018;8001;PROD;1709;90044;;ADD;100;RLT_16
2024;11;80008;8000;PROD;1887;70008;;RM;2766;RLT_16
2024;11;80008;8000;PROD;1887;90045;;ADD;76;RLT_16
2024;12;10008;8002;FIN;957;50008;8002;PROD;957;RLT_16
2024;12;50008;8002;PROD;820;80078;8007;PROD;998;RLT_16
2024;12;50008;8002;PROD;820;90040;;ADD;52;RLT_16
2024;12;50008;8002;PROD;820;90041;;ADD;19;RLT_16
2024;12;80078;8007;PROD;972;80018;8001;PROD;3635;RLT_16
2024;12;80078;8007;PROD;972;90042;;ADD;29;RLT_16
2024;12;80078;8007;PROD;972;90043;;ADD;10;RLT_16
2024;12;80018;8001;PROD;1956;80008;8000;PROD;1909;RLT_16
2024;12;80018;8001;PROD;1956;90044;;ADD;98;RLT_16
2024;12;80008;8000;PROD;1905;70008;;RM;2521;RLT_16
2024;12;80008;8000;PROD;1905;90045;;ADD;63;RLT_16
2024;1;10009;8002;FIN;975;50009;8002;PROD;975;RLT_14
2024;1;50009;8002;PROD;739;80079;8007;PROD;808;RLT_14
2024;1;50009;8002;PROD;739;90045;;ADD;49;RLT_14
2024;1;50009;8002;PROD;739;90046;;ADD;21;RLT_14
2024;1;80079;8007;PROD;897;80019;8001;PROD;3541;RLT_14
2024;1;80079;8007;PROD;897;90047;;ADD;29;RLT_14
2024;1;80079;8007;PROD;897;90048;;ADD;11;RLT_14
2024;1;80019;8001;PROD;1670;80009;8000;PROD;1909;RLT_14
2024;1;80019;8001;PROD;1670;90049;;ADD;96;RLT_14
2024;1;80009;8000;PROD;1904;70009;;RM;2803;RLT_14
2024;1;80009;8000;PROD;1904;90050;;ADD;72;RLT_14
2024;2;10009;8002;FIN;1050;50009;8002;PROD;1050;RLT_14
2024;2;50009;8002;PROD;811;80079;8007;PROD;879;RLT_14
2024;2;50009;8002;PROD;811;90045;;ADD;48;RLT_14
2024;2;50009;8002;PROD;811;90046;;ADD;20;RLT_14
2024;2;80079;8007;PROD;875;80019;8001;PROD;3021;RLT_14
2024;2;80079;8007;PROD;875;90047;;ADD;29;RLT_14
2024;2;80079;8007;PROD;875;90048;;ADD;11;RLT_14
2024;2;80019;8001;PROD;1635;80009;8000;PROD;2130;RLT_14
2024;2;80019;8001;PROD;1635;90049;;ADD;107;RLT_14
2024;2;80009;8000;PROD;2144;70009;;RM;2538;RLT_14
2024;2;80009;8000;PROD;2144;90050;;ADD;73;RLT_14
2024;3;10009;8002;FIN;955;50009;8002;PROD;955;RLT_14
2024;3;50009;8002;PROD;795;80079;8007;PROD;818;RLT_14
2024;3;50009;8002;PROD;795;90045;;ADD;46;RLT_14
2024;3;50009;8002;PROD;795;90046;;ADD;20;RLT_14
2024;3;80079;8007;PROD;894;80019;8001;PROD;3359;RLT_14
2024;3;80079;8007;PROD;894;90047;;ADD;33;RLT_14
2024;3;80079;8007;PROD;894;90048;;ADD;9;RLT_14
2024;3;80019;8001;PROD;1708;80009;8000;PROD;2035;RLT_14
2024;3;80019;8001;PROD;1708;90049;;ADD;91;RLT_14
2024;3;80009;8000;PROD;1854;70009;;RM;2677;RLT_14
2024;3;80009;8000;PROD;1854;90050;;ADD;68;RLT_14
2024;4;10009;8002;FIN;1070;50009;8002;PROD;1070;RLT_14
2024;4;50009;8002;PROD;805;80079;8007;PROD;927;RLT_14
2024;4;50009;8002;PROD;805;90045;;ADD;53;RLT_14
2024;4;50009;8002;PROD;805;90046;;ADD;20;RLT_14
2024;4;80079;8007;PROD;848;80019;8001;PROD;3447;RLT_14
2024;4;80079;8007;PROD;848;90047;;ADD;30;RLT_14
2024;4;80079;8007;PROD;848;90048;;ADD;10;RLT_14
2024;4;80019;8001;PROD;1862;80009;8000;PROD;2031;RLT_14
2024;4;80019;8001;PROD;1862;90049;;ADD;110;RLT_14
2024;4;80009;8000;PROD;2075;70009;;RM;2616;RLT_14
2024;4;80009;8000;PROD;2075;90050;;ADD;65;RLT_14
2024;5;10009;8002;FIN;954;50009;8002;PROD;954;RLT_14
2024;5;50009;8002;PROD;757;80079;8007;PROD;881;RLT_14
2024;5;50009;8002;PROD;757;90045;;ADD;50;RLT_14
2024;5;50009;8002;PROD;757;90046;;ADD;19;RLT_14
2024;5;80079;8007;PROD;857;80019;8001;PROD;3270;RLT_14
2024;5;80079;8007;PROD;857;90047;;ADD;32;RLT_14
2024;5;80079;8007;PROD;857;90048;;ADD;11;RLT_14
2024;5;80019;8001;PROD;1630;80009;8000;PROD;2105;RLT_14
2024;5;80019;8001;PROD;1630;90049;;ADD;109;RLT_14
2024;5;80009;8000;PROD;2166;70009;;RM;2638;RLT_14
2024;5;80009;8000;PROD;2166;90050;;ADD;74;RLT_14
2024;6;10009;8002;FIN;901;50009;8002;PROD;901;RLT_14
2024;6;50009;8002;PROD;764;80079;8007;PROD;984;RLT_14
2024;6;50009;8002;PROD;764;90045;;ADD;45;RLT_14
2024;6;50009;8002;PROD;764;90046;;ADD;20;RLT_14
2024;6;80079;8007;PROD;988;80019;8001;PROD;3803;RLT_14
2024;6;80079;8007;PROD;988;90047;;ADD;32;RLT_14
2024;6;80079;8007;PROD;988;90048;;ADD;11;RLT_14
2024;6;80019;8001;PROD;1772;80009;8000;PROD;2364;RLT_14
2024;6;80019;8001;PROD;1772;90049;;ADD;98;RLT_14
2024;6;80009;8000;PROD;2185;70009;;RM;2117;RLT_14
2024;6;80009;8000;PROD;2185;90050;;ADD;68;RLT_14
2024;7;10009;8002;FIN;1054;50009;8002;PROD;1054;RLT_14
2024;7;50009;8002;PROD;764;80079;8007;PROD;803;RLT_14
2024;7;50009;8002;PROD;764;90045;;ADD;49;RLT_14
2024;7;50009;8002;PROD;764;90046;;ADD;20;RLT_14
2024;7;80079;8007;PROD;870;80019;8001;PROD;3842;RLT_14
2024;7;80079;8007;PROD;870;90047;;ADD;32;RLT_14
2024;7;80079;8007;PROD;870;90048;;ADD;10;RLT_14
2024;7;80019;8001;PROD;1773;80009;8000;PROD;2033;RLT_14
2024;7;80019;8001;PROD;1773;90049;;ADD;94;RLT_14
2024;7;80009;8000;PROD;1944;70009;;RM;2641;RLT_14
2024;7;80009;8000;PROD;1944;90050;;ADD;75;RLT_14
2024;8;10009;8002;FIN;1044;50009;8002;PROD;1044;RLT_14
2024;8;50009;8002;PROD;747;80079;8007;PROD;942;RLT_14
2024;8;50009;8002;PROD;747;90045;;ADD;47;RLT_14
2024;8;50009;8002;PROD;747;90046;;ADD;19;RLT_14
2024;8;80079;8007;PROD;977;80019;8001;PROD;3835;RLT_14
2024;8;80079;8007;PROD;977;90047;;ADD;29;RLT_14
2024;8;80079;8007;PROD;977;90048;;ADD;10;RLT_14
2024;8;80019;8001;PROD;1922;80009;8000;PROD;1928;RLT_14
2024;8;80019;8001;PROD;1922;90049;;ADD;99;RLT_14
2024;8;80009;8000;PROD;1931;70009;;RM;2797;RLT_14
2024;8;80009;8000;PROD;1931;90050;;ADD;68;RLT_14
2024;9;10009;8002;FIN;941;50009;8002;PROD;941;RLT_14
2024;9;50009;8002;PROD;861;80079;8007;PROD;1018;RLT_14
2024;9;50009;8002;PROD;861;90045;;ADD;47;RLT_14
2024;9;50009;8002;PROD;861;90046;;ADD;21;RLT_14
2024;9;80079;8007;PROD;958;80019;8001;PROD;3219;RLT_14
2024;9;80079;8007;PROD;958;90047;;ADD;32;RLT_14
2024;9;80079;8007;PROD;958;90048;;ADD;10;RLT_14
2024;9;80019;8001;PROD;1707;80009;8000;PROD;2108;RLT_14
2024;9;80019;8001;PROD;1707;90049;;ADD;101;RLT_14
2024;9;80009;8000;PROD;1950;70009;;RM;2429;RLT_14
2024;9;80009;8000;PROD;1950;90050;;ADD;66;RLT_14
2024;10;10009;8002;FIN;1049;50009;8002;PROD;1049;RLT_14
2024;10;50009;8002;PROD;810;80079;8007;PROD;876;RLT_14
2024;10;50009;8002;PROD;810;90045;;ADD;51;RLT_14
2024;10;50009;8002;PROD;810;90046;;ADD;19;RLT_14
2024;10;80079;8007;PROD;811;80019;8001;PROD;3890;RLT_14
2024;10;80079;8007;PROD;811;90047;;ADD;30;RLT_14
2024;10;80079;8007;PROD;811;90048;;ADD;10;RLT_14
2024;10;80019;8001;PROD;1895;80009;8000;PROD;2103;RLT_14
2024;10;80019;8001;PROD;1895;90049;;ADD;107;RLT_14
2024;10;80009;8000;PROD;2045;70009;;RM;2287;RLT_14
2024;10;80009;8000;PROD;2045;90050;;ADD;67;RLT_14
2024;11;10009;8002;FIN;949;50009;8002;PROD;949;RLT_14
2024;11;50009;8002;PROD;840;80079;8007;PROD;966;RLT_14
2024;11;50009;8002;PROD;840;90045;;ADD;49;RLT_14
2024;11;50009;8002;PROD;840;90046;;ADD;20;RLT_14
2024;11;80079;8007;PROD;927;80019;8001;PROD;3601;RLT_14
2024;11;80079;8007;PROD;927;90047;;ADD;30;RLT_14
2024;11;80079;8007;PROD;927;90048;;ADD;10;RLT_14
2024;11;80019;8001;PROD;1946;80009;8000;PROD;1938;RLT_14
2024;11;80019;8001;PROD;1946;90049;;ADD;100;RLT_14
2024;11;80009;8000;PROD;1859;70009;;RM;2558;RLT_14
2024;11;80009;8000;PROD;1859;90050;;ADD;69;RLT_14
2024;12;10009;8002;FIN;1081;50009;8002;PROD;1081;RLT_14
2024;12;50009;8002;PROD;794;80079;8007;PROD;857;RLT_14
2024;12;50009;8002;PROD;794;90045;;ADD;51;RLT_14
2024;12;50009;8002;PROD;794;90046;;ADD;21;RLT_14
2024;12;80079;8007;PROD;849;80019;8001;PROD;3822;RLT_14
2024;12;80079;8007;PROD;849;90047;;ADD;27;RLT_14
2024;12;80079;8007;PROD;849;90048;;ADD;9;RLT_14
2024;12;80019;8001;PROD;1780;80009;8000;PROD;2046;RLT_14
2024;12;80019;8001;PROD;1780;90049;;ADD;102;RLT_14
2024;12;80009;8000;PROD;2181;70009;;RM;2523;RLT_14
2024;12;80009;8000;PROD;2181;90050;;ADD;65;RLT_14
